,Course Master,,,
Nos,ID,Course Name,Stream ID,ddd
1,11,B.Tech in Computer Science Engineering,1,Engineering and Technology
2,12,B.Tech in Mechanical Engineering,1,Engineering and Technology
3,13,B.Tech in Civil Engineering,1,Engineering and Technology
4,14,B.Tech in Elecrical Engineering,1,Engineering and Technology
5,15,B.Tech in Electronics and Communication,1,Engineering and Technology
6,16,B.Tech in Fire Technology and Safety Engineering,1,Engineering and Technology
7,17,B.Tech (LEET) in Computer Science Engineering,1,Engineering and Technology
8,18,B.Tech (LEET) in Mechanical Engineering,1,Engineering and Technology
9,19,B.Tech (LEET) in Civil Engineering,1,Engineering and Technology
10,20,B.Tech (LEET) in Elecrical Engineering,1,Engineering and Technology
11,21,B.Tech (LEET) in Electronics and Communication,1,Engineering and Technology
12,22,M.tech in Computer Science Engineering,1,Engineering and Technology
13,23,M.tech in Civil Engineering,1,Engineering and Technology
14,24,M.tech in Electronics and Communication Engineering,1,Engineering and Technology
15,25,M.tech in Electrical Engineering,1,Engineering and Technology
16,26,M.Tech in Renewable Energy Engineering,1,Engineering and Technology
17,27,Diploma(Dual Program)- B.Tech Mechanical Engineering,1,Engineering and Technology
18,28,Diploma(Dual Program)-B.Tech Civil Engineering,1,Engineering and Technology
19,29,Diploma(Dual Program)-B.Tech Electrical Engineering,1,Engineering and Technology
20,30,Diploma(Dual Program)-B.Tech Electronics and communication,1,Engineering and Technology
21,31,Diploma(Dual Program)-B.Tech Computer Science Engineering,1,Engineering and Technology
22,32,Diploma(Dual Program)-B.Tech Automobile Engineering,1,Engineering and Technology
23,33,Diploma in Fire Technology and Safe Engg.,1,Engineering and Technology
24,34,Diploma in Cyber Forensic and Information,1,Engineering and Technology
25,35,Diploma in Mechanical Engineering-Steel,1,Engineering and Technology
26,36,Diploma in Metallurgical Engineering,1,Engineering and Technology
27,37,Diploma in Automobile,1,Engineering and Technology
28,38,Diploma (LEET) in Fire Technology and Safe Engg.,1,Engineering and Technology
29,39,Diploma (LEET) in Cyber Forensic and Information,1,Engineering and Technology
30,40,Diploma (LEET) in Mechanical Engineering-Steel,1,Engineering and Technology
31,41,Diploma (LEET) in Metallurgical Engineering,1,Engineering and Technology
32,42,Diploma (LEET) in Automobile,1,Engineering and Technology
33,43,Polytechnic diploma in Civil Engineering,1,Engineering and Technology
34,44,Polytechnic diploma in Computer Science Engineering,1,Engineering and Technology
35,45,Polytechnic diploma in Mechanical Engineering,1,Engineering and Technology
36,46,Polytechnic diploma in Electrical Engineering,1,Engineering and Technology
37,47,Polytechnic diploma in Electronics & Communication,1,Engineering and Technology
38,48,Diploma in (LEET)Civil Engineering,1,Engineering and Technology
39,49,Diploma in (LEET)Computer Science Engineering,1,Engineering and Technology
40,50,Diploma in (LEET)Mechanical Engineering,1,Engineering and Technology
41,51,Diploma in (LEET)Electrical Engineering,1,Engineering and Technology
42,52,Diploma in (LEET)Electronics & Communication,1,Engineering and Technology
43,53,ITI in Desiel Mechanic,1,Engineering and Technology
44,54,ITI in Electrician,1,Engineering and Technology
45,55,ITI in Refrigiration and Air Conditioning,1,Engineering and Technology
46,56,ITI in Fashion Design,1,Engineering and Technology
47,57,HRM,2,Business and Commerce
48,58,Finance,2,Business and Commerce
49,59,Marketing,2,Business and Commerce
50,60,Logistics & Supply Chain Management,2,Business and Commerce
51,61,Food & Beverage Managemen,2,Business and Commerce
52,62,Digital and Social Media Marketing,2,Business and Commerce
53,63,International Business,2,Business and Commerce
54,64,"Banking ,Insurance and Financial Services",2,Business and Commerce
55,65,Business Analytics,2,Business and Commerce
56,66,Sales & Retail Management,2,Business and Commerce
57,67,E- Business,2,Business and Commerce
58,68,Pharmaceutical Management,2,Business and Commerce
59,69,Family Business Management & Entrepreneurship,2,Business and Commerce
60,70,Bachelor of Business Administration,2,Business and Commerce
61,71,Sales &Retail Marketing,2,Business and Commerce
62,72,Foreign Trade,2,Business and Commerce
63,73,Banking and Insurance,2,Business and Commerce
64,74,Digital and Social Media Marketing,2,Business and Commerce
65,75,Tourism & Hospitality Management,2,Business and Commerce
66,76,Logistics & Supply Chain Management,2,Business and Commerce
67,77,E -Commerce,2,Business and Commerce
68,78,Family Business Management & Entrepreneurship,2,Business and Commerce
69,79,Finace and Accounting,2,Business and Commerce
70,80,Dual Programme in BBA-MBA Financial Market Practices in collaboration with NSE,2,Business and Commerce
71,81,Diploma in Hospital Administration,2,Business and Commerce
72,82,M.com,2,Business and Commerce
73,83,M.com (Hons) with specialization in Financial Market Practices in collaboration with NSE,2,Business and Commerce
74,84,B.COM,2,Business and Commerce
75,85,Banking & Insurance,2,Business and Commerce
76,86,Computer Applications,2,Business and Commerce
77,87,Advanced Cost and Management Accounting1,2,Business and Commerce
78,88,Financial Market Practices in collaboration with NSE,2,Business and Commerce
79,89,Tourism & Hospitality Management,2,Business and Commerce
80,90,E -Commerce,2,Business and Commerce
81,91,Foreign Trade,2,Business and Commerce
82,92,Auditing &Taxation,2,Business and Commerce
83,93,Dual Programme B.Com.-MBA,2,Business and Commerce
84,94,B.A. - L.L.B. with specialization in Criminal Law/ Labour Law/Constitution Law,3,Law
85,95,BBA-LLB *with specialization in Corporate Law/ Internation Trade /Finacial Management/Financial accounting,3,Law
86,96,BCOM-LLB *with specialization in Taxation Law/E-Commerece/Corporate Accounting,3,Law
87,97,L.L.M. Human Rights/Criminal Law/Family Law/Constitutional Law/Intellectual Property Right/Business Law/Internation Economics Law,3,Law
88,98,L.L.B. Bachelor of Laws with specialization in Criminal Law/ Labour Law/Constitution Law,3,Law
89,99,MCA,9,Computer Application
90,100,MCA (LEET),9,Computer Application
91,101,M.Sc. Computer Science,9,Computer Application
92,102,BCA,9,Computer Application
93,103,BCA (Leet),9,Computer Application
94,104,B.Sc. Information Technology,9,Computer Application
95,105,B.sc Computer Science,9,Computer Application
96,106,Dual Programme BCA-MCA,9,Computer Application
97,107,DCA Diploma in computer application ,9,Computer Application
98,108,PGDCA Post Graduate Diploma in Computer Application,9,Computer Application
99,109,M.A. Education,4,Education
100,110,M. Ed. Master of Education,4,Education
101,111,B.Sc.- B.Ed.,4,Education
102,112,B.A. - B.Ed.,4,Education
103,113,B. ED. Bachelor of Education,4,Education
104,114,E.T.T. Elementary Teacher Training,4,Education
105,115,M.Pharma Ayurvedic,5,Pharmacy
106,116,B. Pharma Bachelor of Pharmacy (Ayurvedic),5,Pharmacy
107,117,D. Pharma Diploma in Pharmacy,5,Pharmacy
108,118,B.Pharma(LEET) Bachelor of Pharmacy (Ayurvedic) ,5,Pharmacy
109,119,Physics with spacialization in Material Science/Nano Technology/Electronics,6,Medical
110,120,Physics by Research,6,Medical
111,121,Chemistry by Research,6,Medical
112,122,Botany,6,Medical
113,123,Botany by Research,6,Medical
114,124,Zoology with specialization in Entomology/Molecular Biology/Fishery,6,Medical
115,125,Zoology by Research,6,Medical
116,126,Microbiology,6,Medical
117,127,Microbiology by Research,6,Medical
118,128,Mathematics with specialization in Pure / Applied/Statistics,6,Medical
119,129,Mathematics by Research,6,Medical
120,130,Bio Technology,6,Medical
121,131,Bio Technology By Research,6,Medical
122,132,Bio- Chemistry,6,Medical
123,133,Bio- Chemistry By Research,6,Medical
124,134,Cyber Security and Forensic,6,Medical
125,135,Digital Forensics and Information Security,6,Medical
126,136,Forensic Sciences with specialization in Forensic Chemistry/Forensic Biology/ Questioned Document,6,Medical
127,137,Microbiology,6,Medical
128,138,Physics,6,Medical
129,139,Chemistry,6,Medical
130,140,Zoology,6,Medical
131,141,Forensic Sciences,6,Medical
132,142,Cyber Security and Computer Forensic,6,Medical
133,143,Bio Chemistry,6,Medical
134,144,Bio Technology,6,Medical
135,145,Mathematics,6,Medical
136,146,Business Analytics in Collaboration with IBM,6,Medical
137,147,B.Sc In Medical,6,Medical
138,148,"B.Sc In Non- Medical (With following combinations 1.(Physics,Chemistry,Mathematics) 2(Physics,Mathematics,Electronics) 3.(Physics,Mathematics,Computer Science) .",6,Medical
139,149,B.Sc In Electronics,6,Medical
140,150,Diploma Cyber Security and Forensic,6,Medical
141,151,Diploma Forensic Management,6,Medical
142,152,Diploma Forensic Odontology,6,Medical
143,153,DiplomaForensic Document Examination,6,Medical
144,154,B.P.T. Bachelor of Physiotherapy,6,Medical
145,155,M.P.T. With specialization in Orthopaedics/Neurosciences/ Cardiopulmonary Science,6,Medical
146,156,B.O.T Bachelor of Occupational Therapy,6,Medical
147,157,M.O.T Masters of Occupational Therapy,6,Medical
148,158,M.Sc.(M.L.T.) in Clinical Microbiology,6,Medical
149,159,M.Sc.(M.L.T.) in Clinical Biochemistry,6,Medical
150,160,B.M.L.T. in Bachelor of Medical Lab Technology,6,Medical
151,161,B.M.L.T. (LEET) in Bachelor of Medical Lab Technology,6,Medical
152,162,Dual Programme in DMLT-B.Sc.(Medical Lab.Technology),6,Medical
153,163,D.M.L.T. in Diploma in Medical Lab.Technology(DMLT),6,Medical
154,164,M.Sc in Operation Theatre & Anaesthesia Technology,6,Medical
155,165,M.Sc in Radiology and Imaging Technology,6,Medical
156,166,M.Sc in Dialysis Technology,6,Medical
157,167,M.Sc in Optometry,6,Medical
158,168,M.Sc in Clinical Research,6,Medical
159,169,B.Sc in Optometry,6,Medical
160,170,B.Sc in Dialysis Technology,6,Medical
161,171,B.Sc in Operation Theatre & Anaesthesia Technology,6,Medical
162,172,B.Sc in Medical Record Technology,6,Medical
163,173,B.Sc in Clinical Research & Healthcare Management,6,Medical
164,174,B.Sc in Radiology and Imaging Technology,6,Medical
165,175,Certificate in X-Ray Technician,6,Medical
166,176,Certificate in Dialysis Technician,6,Medical
167,177,Certificate in Operation Theater Technician,6,Medical
168,178,Certificate in Patient Care,6,Medical
169,179,Certificate in Ophthalmic Assistant,6,Medical
170,180,Diploma in Operation Theatre & Anaesthesia Technology,6,Medical
171,181,Diploma in Dialysis Technology,6,Medical
172,182,Diploma in Radiology and Imaging Technology,6,Medical
173,183,Diploma in Ophthalmic Technology,6,Medical
174,184,Diploma in Dental Mechanics,6,Medical
175,185,B.Sc Nursing,6,Medical
176,186,General Nursing & Midwifery,6,Medical
177,187,M. Lib Master of Library and Information Science,6,Medical
178,188,B.Lib Bachelor of Library and Information Sciences,6,Medical
179,189,M.A. Journalism & Mass Communication,8,Mass Communication
180,190,B.A. Journalism & Mass Communication,8,Mass Communication
181,191,Diploma Video Production,8,Mass Communication
182,192,M.A. Music and Dance,8,Mass Communication
183,193,B.A. Music and Dance,8,Mass Communication
184,194,B.Design/ B.sc in,7,Design Fashion and Animation
185,195,B.Design/ B.sc in Interior Design,7,Design Fashion and Animation
186,196,B.Design/ B.sc in Fashion Design,7,Design Fashion and Animation
187,197,B.Design/ B.sc in Film & Video,7,Design Fashion and Animation
188,198,B.Design/ B.sc in Graphic Communication Design,7,Design Fashion and Animation
189,199,B.Design/ B.sc in Animation and Game Design,7,Design Fashion and Animation
190,200,B.Design/ B.sc in Fashion Communication,7,Design Fashion and Animation
191,201,B.DESIGN/ B.SC (LEET) in Interior Design,7,Design Fashion and Animation
192,202,B.DESIGN/ B.SC (LEET) in Fashion Design,7,Design Fashion and Animation
193,203,B.DESIGN/ B.SC (LEET) in Graphic Communication Design,7,Design Fashion and Animation
194,204,B.DESIGN/ B.SC (LEET) in Animation and Multimedia,7,Design Fashion and Animation
195,205,B.DESIGN/ B.SC (LEET) in Fashion Communication,7,Design Fashion and Animation
196,206,B.DESIGN/ B.SC (LEET) in Film & Video,7,Design Fashion and Animation
197,207,M.DESIGN in Interior Design with specialization in Space/Exhibition,7,Design Fashion and Animation
198,208,M.DESIGN in Animation and Multimedia,7,Design Fashion and Animation
199,209,M.DESIGN in Communication Design,7,Design Fashion and Animation
200,210,B.SC in Animation and Multimedia,7,Design Fashion and Animation
201,211,M.SC in Animation and Multimedia,7,Design Fashion and Animation
202,212,MFA in Applied Arts (Graphics),7,Design Fashion and Animation
203,213,MFA in Creative Painting,7,Design Fashion and Animation
204,214,MFA in Art Education,7,Design Fashion and Animation
205,215,MFA in Digital Drawing and Illustration,7,Design Fashion and Animation
206,216,BFA in Applied Arts (Graphics),7,Design Fashion and Animation
207,217,BFA in Creative Painting,7,Design Fashion and Animation
208,218,BFA in Digital Drawing and Illustration,7,Design Fashion and Animation
209,219,B.A in Resource Management and Design Application,7,Design Fashion and Animation
210,220,B.A in Fine Arts,7,Design Fashion and Animation
211,221,Diploma in Interior Design,7,Design Fashion and Animation
212,222,Diploma in Interior Design,7,Design Fashion and Animation
213,223,Diploma in Garment Design and Fashion Technology,7,Design Fashion and Animation
214,224,Diploma in Textile Designing,7,Design Fashion and Animation
215,225,Diploma in Commercial Art,7,Design Fashion and Animation
216,226,Diploma in Art Teacher,7,Design Fashion and Animation
217,227,Diploma in 3 -D Animation and Graphics,7,Design Fashion and Animation
218,228,Dual Programe in Diploma in Interior Design-B.Design(Interior),7,Design Fashion and Animation
219,229,Dual Programe in Diploma in Fashion Design-B.Design(Fashion),7,Design Fashion and Animation
220,230,Bachelor of Architecture,7,Design Fashion and Animation
221,231,Post Graduate- Geo Informatics,7,Design Fashion and Animation
222,232,Diploma-Architecture Assistantship,7,Design Fashion and Animation
223,233,Dual- Diploma in Architecture,7,Design Fashion and Animation
224,234,Dual Programme- Diploma in Architecture Assistantship-B.Tech (Civil Engg.),7,Design Fashion and Animation
225,235,B.A (Hons)- Built Environment Studies,7,Design Fashion and Animation
226,236,B.SC in Hospitality and Hotel Administration,10,Hospitality and Tourism Management
227,237,B.SC in Culinary Arts,10,Hospitality and Tourism Management
228,238,B.SC (LEET) in Hospitality and Hotel Administration,10,Hospitality and Tourism Management
229,239,B.SC (LEET) in Culinary Arts,10,Hospitality and Tourism Management
230,240,Certificate in Bakery & Confectionary,10,Hospitality and Tourism Management
231,241,Certificate in Food Production,10,Hospitality and Tourism Management
232,242,Certificate in Food and Beverage Service,10,Hospitality and Tourism Management
233,243,Diploma in Bakery & Confectionary,10,Hospitality and Tourism Management
234,244,Diploma in Food Production,10,Hospitality and Tourism Management
235,245,Diploma in Hotel Management and Catering Technology,10,Hospitality and Tourism Management
236,246,M.SC In Hospitality and Hotel Administration,10,Hospitality and Tourism Management
237,247,M.SC In Hotel Management,10,Hospitality and Tourism Management
238,248,M.SC In PG Diploma in Culinary Arts,10,Hospitality and Tourism Management
239,249,M.SC In Dual Programme Diploma-B.Sc.(Hospitality and Hotel Administration),10,Hospitality and Tourism Management
240,250,Bachelor in Computer applications (BCA),2,Business and Commerce
241,251,Bachelor in business administration (BBA),2,Business and Commerce
242,252,Post graduate in diploma management(PGDM),2,Business and Commerce
243,253,B.Tech in Computer Science Engineering,1,Engineering and Technology
244,254,B.Tech in Civil Engineering,1,Engineering and Technology
245,255,B.Tech in Elecrical Engineering,1,Engineering and Technology
246,256,B.Tech in Electronics and Communication,1,Engineering and Technology
247,257,Masters of Business Administration MBA,2,Business and Commerce
248,258,Masters of Technology M.Tech,1,Engineering and Technology
249,259,B.Tech in Computer Science Engineering,1,Engineering and Technology
250,260,B.Tech in Electrical Engineering,1,Engineering and Technology
251,261,B.Tech in Civil Engineering,1,Engineering and Technology
252,262,B.Tech in Bio Technology,1,Engineering and Technology
253,263,B.Tech in Electronics and Communication,1,Engineering and Technology
254,264,B.Tech in Electrical Engineering,1,Engineering and Technology
255,265,B.Tech in Mechanical Engineering,1,Engineering and Technology
256,266,M.Tech in Computer Science Engineering,1,Engineering and Technology
257,267,M.tech in Electrical Engineering,1,Engineering and Technology
258,268,M.Tech in Structural Engineering,1,Engineering and Technology
259,269,M.Tech in Bio Technology,1,Engineering and Technology
260,270,M.Tech in Electronics and Communication,1,Engineering and Technology
261,271,M.Tech in Enviromental Engineering,1,Engineering and Technology
262,272,M.Tech in Manufacturing Systems,1,Engineering and Technology
263,273,B.Tech (LEET) in Computer Science Engineering,1,Engineering and Technology
264,274,B.Tech (LEET) in Electrical Engineering,1,Engineering and Technology
265,275,B.Tech (LEET) in Civil Engineering,1,Engineering and Technology
266,276,B.Tech (LEET) in Bio Technology,1,Engineering and Technology
267,277,B.Tech (LEET) in Electronics and Communication,1,Engineering and Technology
268,278,B.Tech (LEET) in Electrical Engineering,1,Engineering and Technology
269,279,B.Tech (LEET) in Mechanical Engineering,1,Engineering and Technology
270,280,Bachelor of Business Administration,2,Business and Commerce
272,281,Bachelor of Commerce (Hons),2,Business and Commerce
273,282,MBA Dual Specialisation Finance Mgt. / HR Management/ International Business/ Information Tech./ Marketing Mgt. Hospital Mgt. / Hospitality Mgt. / Retail Management,2,Business and Commerce
274,283,Diploma in Business Management,2,Business and Commerce
275,284,BA-LLB B.Com-LLB BBA-LLB,3,Law
276,285,LLM,3,Law
277,286,B. Pharm,5,Pharmacy
279,287,Pharm. D,5,Pharmacy
280,288,Pharm. D (Post Baccalaureate),5,Pharmacy
281,289,M. Pharm,5,Pharmacy
282,290,B.Sc. (NURSING),6,Medical
283,291,Post Basic B.Sc. (NURSING),6,Medical
284,292,M.Sc. Nursing,6,Medical
285,293,BPT,6,Medical
286,294,MPT,6,Medical
287,295,B.SC.(Medical),6,Medical
288,296,B.SC.(Non-Medical),6,Medical
289,297,B.SC. (Bio-Tech),6,Medical
290,298,B.SC. (Hons.) Chemistry,6,Medical
291,299,B.SC (Radiography & Imaging Technology),6,Medical
292,300,B.SC (Radiotherapy),6,Medical
293,301,B.SC (Audiology & Speech Language Pathology-BASLP),6,Medical
294,302,M.Sc (Medical),6,Medical
295,303,M.SC,6,Medical
296,304,M.SC Chemistry (Hons.),6,Medical
297,305,B.Sc. (Operation Theater Tech. ),6,Medical
298,306,B.Sc. (Medical Lab Tech.),6,Medical
301,307,Bachelor of Optometry,6,Medical
303,308,B.Sc. Cardiovascular Technology,6,Medical
304,309,DMLT,6,Medical
305,310,M.Sc. (Operation Theater Tech.),6,Medical
306,311,M.Sc. (Medical Lab Tech.),6,Medical
307,312,BHM & CT,10,Hospitality and Tourism Management
308,313,B.Sc. (Hospitality & Catering Management Home Science),10,Hospitality and Tourism Management
309,314,B.Sc. (Food Science & Technology),10,Hospitality and Tourism Management
310,315,M.Sc. (Dietetics & Nutrition),10,Hospitality and Tourism Management
311,316,"Diploma Courses - Airlines, Tourism & Hospitality Management - Bakery and Confectionery - Food Production - Room Division Management - Health & Fitness Nutrition",10,Hospitality and Tourism Management
312,317,Diploma in Mechanical,1,Engineering and Technology
313,318,Diploma in Electrical,1,Engineering and Technology
314,319,Diploma in Computer,1,Engineering and Technology
315,320,Diploma in Aeronautical,1,Engineering and Technology
316,321,Diploma in Architectural Assistanship,1,Engineering and Technology
317,322,Diploma in Chemical,1,Engineering and Technology
318,323,Diploma in Civil,1,Engineering and Technology
319,324,Diploma in Electronis and Communication,1,Engineering and Technology
320,325,Diploma in Infofmation and technology,1,Engineering and Technology
321,326,Diploma in Automobile,1,Engineering and Technology
322,327,Diploma in Bio-Medical,1,Engineering and Technology
323,328,Diploma in Agricultural,1,Engineering and Technology
324,329,B.Tech in Mechanical,1,Engineering and Technology
325,330,B.Tech in Electrical,1,Engineering and Technology
326,331,B.Tech in Computer Science,1,Engineering and Technology
327,332,B.Tech in Aeronautical,1,Engineering and Technology
328,333,B.Tech in Architectural Assistanship,1,Engineering and Technology
329,334,B.Tech in Chemical,1,Engineering and Technology
330,335,B.Tech in Civil,1,Engineering and Technology
331,336,B.Tech in Electronis and in Communication,1,Engineering and Technology
332,337,B.Tech in Infofmation and technology,1,Engineering and Technology
333,338,B.Tech in Automobile,1,Engineering and Technology
334,339,B.Tech in Bio-Medical,1,Engineering and Technology
335,340,B.Tech in Agricultural,1,Engineering and Technology
336,341,B.Tech in Mechatronics,1,Engineering and Technology
337,342,B.Tech in Instrumentation and control,1,Engineering and Technology
338,343,B.Tech in Petroleum,1,Engineering and Technology
339,344,B.Tech in Mining,1,Engineering and Technology
340,345,B.Tech in Production,1,Engineering and Technology
341,346,B.Tech in Enviromental,1,Engineering and Technology
342,347,B.Tech in Industrial,1,Engineering and Technology
343,348,B.Tech in Diary Technology,1,Engineering and Technology
344,349,B.Tech in Bio-Technology,1,Engineering and Technology
345,350,M.Tech in Thermal,1,Engineering and Technology
346,351,M.Tech in Structural,1,Engineering and Technology
347,352,M.Tech in Electrical,1,Engineering and Technology
348,353,M.Tech in Computer,1,Engineering and Technology
349,354,M.Tech in Power Systems,1,Engineering and Technology
350,355,M.Tech in Production,1,Engineering and Technology
351,356,M.Tech in Machine Design,1,Engineering and Technology
352,357,M.Tech in Remote sensing and GIS,1,Engineering and Technology
353,358,M.Tech in Water resource Management,1,Engineering and Technology
354,359,M.Tech in Electronis and Communication,1,Engineering and Technology
355,360,M.Tech in Transportation,1,Engineering and Technology
356,361,M.Tech in Information and technology,1,Engineering and Technology
357,362,M.Tech in Computer science,1,Engineering and Technology
358,363,M.Tech in Internal Combusition Engine and Automobiles,1,Engineering and Technology
359,364,M.Tech in VLSI & Embedded System,1,Engineering and Technology
360,365,M.Tech in Construction Project Management,1,Engineering and Technology
361,366,M.Tech in Industrial,1,Engineering and Technology
362,367,M.Tech in Geotechnical,1,Engineering and Technology
363,368,M.Tech in Enviromental,1,Engineering and Technology
364,369,M.Tech in Infrastructure Engineering and Technology,1,Engineering and Technology
365,370,M.Tech in CAD & CAM,1,Engineering and Technology
366,371,M.Tech in Energy,1,Engineering and Technology
367,372,M.Tech in IT System and Netwrok security,1,Engineering and Technology
368,373,M.Tech in Chemical,1,Engineering and Technology
369,374,Bachelor of Business Administration,2,Business and Commerce
370,375,Masters of Business Administration MBA,2,Business and Commerce
371,376,PGDM,2,Business and Commerce
372,377,Integrated MBA,2,Business and Commerce
373,378,Bachelor of Hotel Management,2,Business and Commerce
374,379,Bachelor of Commerce (Hons.),2,Business and Commerce
375,380,Master of Commerce,2,Business and Commerce
376,381,"Intergrated Program : B.B.A , L.L.B",3,Law
377,382,"Intergrated Program : B.Com , L.L.B",3,Law
378,383,"Intergrated Program : B.A , L.L.B",3,Law
379,384,Bachelor of Arts,4,Education
380,385,Master of Arts,4,Education
381,386,Bachelor of Arts in mass communication,4,Education
382,387,Bachelor of Social Work BSW,5,Pharmacy
383,388,Master of Social work MSW,5,Pharmacy
384,389,Master of Social Work (Human Resource Management),5,Pharmacy
385,390,Bachlor of Visual Arts,5,Pharmacy
386,391,B.Sc Pharmaceutical Science,5,Pharmacy
387,392,Bachelor of Pharmacy,5,Pharmacy
388,393,Diploma Pharmacy (D.pham),5,Pharmacy
389,394,Master of Pharmacy (M.pharm),5,Pharmacy
390,395,B.Sc Microbiology,6,Medical
391,396,B.sc Biotechnology,6,Medical
392,397,B.sc Biochemistry,6,Medical
393,398,B.sc Chemistry,6,Medical
394,399,M.Sc Microbiology,6,Medical
395,400,M.Sc Biotechnology,6,Medical
396,401,M.Sc Biochemistry,6,Medical
397,402,M.Sc Chemistry,6,Medical
398,403,Diploma In Anesthesia and critical care,6,Medical
399,404,Diploma In Radiography,6,Medical
400,405,Diploma In Blood Bank Technology,6,Medical
401,406,Diploma In Medical Laboratory Technology,6,Medical
402,407,Diploma In Renal Dialysis,6,Medical
403,408,B.Sc in Anesthesia and critical care,6,Medical
404,409,B.Sc in Radiography,6,Medical
405,410,B.Sc in Blood Bank Technology,6,Medical
406,411,B.Sc in Medical Laboratory Technology,6,Medical
407,412,B.Sc in Renal Dialysis,6,Medical
408,413,Master of Public Helths (MPH),6,Medical
409,414,Master of Helth Administration(MHA),6,Medical
410,415,Auxiliary Nursing & Midwifery (ANM),6,Medical
411,416,General Nursing & Midwifery (GNM),6,Medical
412,417,Bachelor of Science in Nursing (B.Sc - Nursing),6,Medical
413,418,Master of Science in Nursing (M.Sc- Nursing),6,Medical
414,419,Bachelor of Library & Information Science (B.Lib),6,Medical
415,420,Master of Library & Information Science (M.Lib),6,Medical
416,421,Bachelor of Physiotherapy (BPT),6,Medical
417,422,Master of Physiotherapy (MPT),6,Medical
418,423,Bachelor of Science in Agriculture (B.Sc (Hons.),6,Medical
419,424,Bachelor of Science in Horticulture (B.Sc (Hons.),6,Medical
420,425,Bachelor of Design,7,Design Fashion and Animation
421,426,Bachelor of Architecture & Interior Design,7,Design Fashion and Animation
422,427,Master Of planning,7,Design Fashion and Animation
423,428,Bachelor of Computer Application,9,Computer Application
424,429,Master of Computer Application,9,Computer Application
425,430,Master of Computer Application (LEET),9,Computer Application
426,431,Integrated MCA,9,Computer Application
427,432,Diploma in in Computer Science & Engineering,1,Engineering and Technology
428,433,Diploma in in Mechanical Engineering,1,Engineering and Technology
429,434,Diploma in in Civil Engineering,1,Engineering and Technology
430,435,Diploma in in Electronics & Communications Engineering,1,Engineering and Technology
431,436,Diploma in Auto Mobile Engineering,1,Engineering and Technology
432,437,Diploma in in ELECTRICAL Engineering,1,Engineering and Technology
433,438,B.Tech. in Computer Science & Engineering,1,Engineering and Technology
434,439,B.Tech. in Mechanical Engineering,1,Engineering and Technology
435,440,B.Tech. in Civil Engineering,1,Engineering and Technology
436,441,B.Tech. in Electronics & Communications Engineering,1,Engineering and Technology
437,442,B.Tech. in Petroleum Engineering,1,Engineering and Technology
438,443,Bachelor of Computer Application (BCA),1,Engineering and Technology
439,444,M.Tech (Computer Science),1,Engineering and Technology
440,445,M.TECH. in Mechanical Engineering,1,Engineering and Technology
441,446,M.TECH. in Civil Engineering,1,Engineering and Technology
442,447,M.TECH. in Electronics & Communications Engineering,1,Engineering and Technology
443,448,Masters of Computer Applications (MCA),1,Engineering and Technology
444,449,Ph.D. in Mechanical Engineering,1,Engineering and Technology
445,450,Ph.D. in Civil Engineering,1,Engineering and Technology
446,451,Ph.D. in Electronics & Communications Engineering,1,Engineering and Technology
447,452,Ph.D.in Computer Science & Engineering,1,Engineering and Technology
448,453,Ph.D. in Computer Application,1,Engineering and Technology
449,454,"Ph.D. in Applied Science(Physics ,Chemistry, Mathematics)",1,Engineering and Technology
450,455,Bachelor of Businesss Administration (B.B.A.),2,Business and Commerce
451,456,Bachelor of Commerce B.Com (Hons),2,Business and Commerce
452,457,Master of Business Administration,2,Business and Commerce
453,458,Ph.D. Management Studies,2,Business and Commerce
454,459,B.A.LL.B,3,Law
455,460,B.B.A.LL.B.,3,Law
456,461,Ph.D. in LAW And Legal Studies,3,Law
457,462,Diploma In Elementary Education (D.El.Ed),4,Education
458,463,Bachelor of Education (B.Ed),4,Education
459,464,Ph.D. in Education,4,Education
460,465,D.Pharm. (Diploma in pharmacy),5,Pharmacy
461,466,B.Pharm. (Bachelor of Pharmacy),5,Pharmacy
462,467,Ph.D. in Pharmacy,5,Pharmacy
463,468,B.Sc. Agriculture,6,Medical
464,469,Ph.D. in Agricultural Science,6,Medical
465,470,B.Sc. (Hons.) Biotechnology,6,Medical
466,471,B.Sc. (Hons.) in Microbiology,6,Medical
467,472,B.Sc. (Hons.) Medical Lab Technology,6,Medical
468,473,M.Sc. Biotechnology,6,Medical
469,474,M.Sc. Microbiology,6,Medical
470,475,Diploma in Emergency & Trauma care Technician,6,Medical
471,476,Diploma in Dialysis Technician,6,Medical
472,477,Diploma in Cardiology Technician,6,Medical
473,478,Diploma in C.T.Scan,6,Medical
474,479,Diploma in Optometry,6,Medical
475,480,Diploma in O.T Technician,6,Medical
476,481,Diploma in MRI Technician,6,Medical
478,482,B.Sc in Caridac Care Technology,6,Medical
479,483,B.Sc in Anesthesia Technology,6,Medical
480,484,B.Sc in Radiology,6,Medical
481,485,B.Sc in (Hons) Medical lab Technology,6,Medical
482,486,B.Sc in Operation Theater,6,Medical
483,487,B.Sc. Nursing,6,Medical
484,488,General Nursing & Mildwifery (G.N.M),6,Medical
485,489,Auxiliary Nurse MildWifery(A.N.M),6,Medical
486,490,M.phil Programs,6,Medical
487,491,Bachelor of Ayurvedic Medicine and Surgery(B.A.M.S),6,Medical
488,492,Bachelor of Unani Medicine and Surgery (B.U.M.S),6,Medical
489,493,Diploma in in Computer Science & Engineering,1,Engineering and Technology
490,494,Diploma in in Mechanical Engineering,1,Engineering and Technology
491,495,Diploma in in Civil Engineering,1,Engineering and Technology
492,496,Diploma in in Electronics & Communications Engineering,1,Engineering and Technology
493,497,Diploma in Auto Mobile Engineering,1,Engineering and Technology
494,498,Diploma in in ELECTRICAL Engineering,1,Engineering and Technology
495,499,B.Tech. in Computer Science & Engineering,1,Engineering and Technology
496,500,B.Tech. in Mechanical Engineering,1,Engineering and Technology
497,501,B.Tech. in Civil Engineering,1,Engineering and Technology
498,502,B.Tech. in Electronics & Communications Engineering,1,Engineering and Technology
499,503,B.Tech. in Petroleum Engineering,1,Engineering and Technology
500,504,Bachelor of Computer Application (BCA),1,Engineering and Technology
501,505,M.Tech (Computer Science),1,Engineering and Technology
502,506,M.TECH. in Mechanical Engineering,1,Engineering and Technology
503,507,M.TECH. in Civil Engineering,1,Engineering and Technology
504,508,M.TECH. in Electronics & Communications Engineering,1,Engineering and Technology
505,509,B.Tech (LEET) in Computer Science Engineering,1,Engineering and Technology
506,510,B.Tech (LEET) in Mechanical Engineering,1,Engineering and Technology
507,511,B.Tech (LEET) in Civil Engineering,1,Engineering and Technology
508,512,B.Tech (LEET) in Elecrical Engineering,1,Engineering and Technology
509,513,B.Tech (LEET) in Electronics and Communication,1,Engineering and Technology
510,514,Diploma in (LEET)Civil Engineering,1,Engineering and Technology
511,515,Diploma in (LEET)Computer Science Engineering,1,Engineering and Technology
512,516,Diploma in (LEET)Mechanical Engineering,1,Engineering and Technology
513,517,Diploma in (LEET)Electrical Engineering,1,Engineering and Technology
514,518,Diploma in (LEET)Electronics & Communication,1,Engineering and Technology
515,519,Diploma in Computer Application,1,Engineering and Technology
516,520,Bachlor of Science,9,Computer Application
517,521,PGDCA,9,Computer Application
518,522,Bachelor in Computer applications (BCA),9,Computer Application
519,523,Master in Computer application (MCA),9,Computer Application
520,524,MCA (LEET),9,Computer Application
521,525,Master of Computer science,9,Computer Application
522,526,Master of Computer science (LEET),9,Computer Application
523,527,Bachelor of Business Administration,2,Business and Commerce
524,528,Bachelor of Business Administration (Global management),2,Business and Commerce
525,529,Master of Business Administration (Solar & Renewable Energy),2,Business and Commerce
526,530,MBA Dual Specialization,2,Business and Commerce
527,531,Executive MBA,2,Business and Commerce
528,532,Bachelor of commerce Pass,2,Business and Commerce
529,533,B.Com Honors (E-commerce),2,Business and Commerce
530,534,B.Com Honors Banking and Finance,2,Business and Commerce
531,535,Master of Commerce,2,Business and Commerce
532,536,Master of commerce Banking and Finance,2,Business and Commerce
533,537,LL.B.,3,Law
534,538,LL.M.,3,Law
535,539,B.A.L.L.B.,3,Law
536,540,B.B.A.L.L.B.,3,Law
537,541,B.Pharm. (Bachelor of Pharmacy),5,Pharmacy
538,542,B.Pharm. (Bachelor of Pharmacy) (LEET),5,Pharmacy
539,543,D.Pharm. (Diploma in pharmacy),5,Pharmacy
540,544,Bachelor of Science (Medical&non Medical),6,Medical
541,545,Bachelor of science (Non Conventional Energy),6,Medical
542,546,Bachelor of science Bio-Technology,6,Medical
543,547,Master of Science Bio-Technology,6,Medical
544,548,Master of Science,6,Medical
545,549,Bachelor of Library & Information Science (B.Lib),6,Medical
546,550,Master of Library & Information Science (M.Lib),6,Medical
547,551,Bachelor of Education (B.Ed),4,Education
548,552,Bachelor of Physical Education,4,Education
549,553,B.Sc in Fashion Design,7,Design Fashion and Animation
550,554,B.Sc in interior Design,7,Design Fashion and Animation
551,555,B.Sc FD (Lateral Entry),7,Design Fashion and Animation
552,556,B.Sc.ID (Lateral Entry),7,Design Fashion and Animation
553,557,BJMC,8,Mass Communication
554,558,MJMC,8,Mass Communication
555,559,Bachelor in Animation & VFX,8,Mass Communication
556,560,Master in Animation & VFX,8,Mass Communication
557,561,B.Tech. in Computer Science & Engineering,1,Engineering and Technology
558,562,B.Tech. in Mechanical Engineering,1,Engineering and Technology
559,563,B.Tech. in Civil Engineering,1,Engineering and Technology
560,564,B.Tech. in Chemical Engineering,1,Engineering and Technology
561,565,B.Tech. in Information and Technology,1,Engineering and Technology
562,566,Bachelor of Commerce B.Com +MBA,2,Business and Commerce
563,567,Bachelor of business administration BBA,2,Business and Commerce
564,568,B.Sc. IT,1,Engineering and Technology
565,569,B.Sc. Biotechnology,6,Medical
566,570,B.Sc. Microbiology,6,Medical
567,571,B.Sc. Environmental Science,6,Medical
568,572,B.Sc. Chemistry,6,Medical
569,573,M.Sc. Integrated Biotech,6,Medical
570,574,M.Sc. Integrated Microbiology,6,Medical
571,575,M.Sc. Biotech,6,Medical
572,576,M.Sc. Microbiology,6,Medical
573,577,B.Sc. Nursing,6,Medical
574,578,GNM (General Nursing Midwifery),6,Medical
575,579,Bachelor of Physiotherapy (BPT),6,Medical
576,580,Fashion and textile design,7,Design Fashion and Animation
577,581,Visual and communication Design,7,Design Fashion and Animation
578,582,Product Design,7,Design Fashion and Animation
579,583,Interior design,7,Design Fashion and Animation
580,584,Bachelor of Arts,7,Design Fashion and Animation
581,585,Bachelor of Architecture (B.Arch),7,Design Fashion and Animation
582,586,Bachelor of Buisness Administration,2,Business and Commerce
583,587,Diploma in Electrical Engineering,1,Engineering and Technology
584,588,Diploma in Mechanical Engineering,1,Engineering and Technology
585,589,Diploma in Civil Engineering,1,Engineering and Technology
586,590,Diploma in Automobile Engineering,1,Engineering and Technology
587,591,Diploma in Computer Science & Engineering,1,Engineering and Technology
588,592,B.Tech in Electrical Engineering,1,Engineering and Technology
589,593,B.Tech in Electrical & Electronics Engineering,1,Engineering and Technology
590,594,B.Tech in Computer Science & Engineering,1,Engineering and Technology
591,595,B.Tech in Electornics & Communication Engineering,1,Engineering and Technology
592,596,B.Tech in Mechanical Engineering,1,Engineering and Technology
593,597,B.Tech in Civil Engineering,1,Engineering and Technology
594,598,B.Tech in Information Technology,1,Engineering and Technology
595,599,B.Tech in Electronics Instrumentation & Control,1,Engineering and Technology
596,600,B.Tech in Automobile Engineering,1,Engineering and Technology
597,601,B.Tech in Fire & Safety,1,Engineering and Technology
598,602,B.Tech in Biotechnology,1,Engineering and Technology
599,603,B.Tech(Hons) With IBM Certification in Cloud Computing,1,Engineering and Technology
600,604,B.Tech(Hons) With IBM Certification in Business Analytics,1,Engineering and Technology
601,605,B.Tech Lateral Entry - 2nd year (All Branches ),1,Engineering and Technology
602,606,Dual Degree in B. Tech + M.Tech (Dual Degree),1,Engineering and Technology
603,607,Dual Degree in Business Analytics,1,Engineering and Technology
604,608,M.tech in Biotechnology,1,Engineering and Technology
605,609,M.tech in Power System & Control Engineering,1,Engineering and Technology
606,610,M.tech in Energy Management,1,Engineering and Technology
607,611,M.tech in Digital Communication,1,Engineering and Technology
608,612,M.tech in Software Engineering,1,Engineering and Technology
609,613,M.Tech in Thermal Engineering,1,Engineering and Technology
610,614,M.Tech in Building Construction & Management,1,Engineering and Technology
611,615,M.Tech in Environmental Engineering,1,Engineering and Technology
612,616,M.Tech in Industrial & Production Engineering,1,Engineering and Technology
613,617,M.Tech in Information & Communication Technology,1,Engineering and Technology
614,618,M.Tech (by research),1,Engineering and Technology
615,619,B.Sc General in Physics,6,Medical
616,620,B.Sc General in Chemistry,6,Medical
617,621,B.Sc General in Maths,6,Medical
618,622,B.Sc. (Hons) in Physics,6,Medical
619,623,B.Sc. (Hons) in Chemistry,6,Medical
620,624,B.Sc. (Hons) in Environmental Science,6,Medical
621,625,B.Sc. (Hons) in Mathematics,6,Medical
622,626,B.Sc. (Hons) in Biotechnology,6,Medical
623,627,B.Sc. (Hons) in Computer Sciences,6,Medical
624,628,B.Sc. (Hons) in Microbiology,6,Medical
625,629,B.Sc. (Hons) in Agriculture,6,Medical
626,630,M.Sc.in Physics,6,Medical
627,631,M.Sc.in Chemistry,6,Medical
628,632,M.Sc.in Maths,6,Medical
629,633,M.Sc.in Conputer Science,6,Medical
630,634,M.Sc.in Biotechnology,6,Medical
631,635,M.Sc.in Microbiology,6,Medical
632,636,Bachelor in Computer Application,9,Computer Application
633,637,Master in Computer Application,9,Computer Application
634,638,Master in Computer Application (LEET),9,Computer Application
635,639,BBA LLB.,3,Law
636,640,BA LLB. Hons.,3,Law
637,641,LLB,3,Law
638,642,LLM. (Full time Program),3,Law
639,643,B. Com (Hons.),2,Business and Commerce
640,644,Bachelor of Business Administration,2,Business and Commerce
641,645,Integrated (BBA + MBA),2,Business and Commerce
642,646,B.A (Hons.) in Economics,2,Business and Commerce
643,647,MBA (Dual Specialisation) in Marketing,2,Business and Commerce
644,648,MBA (Dual Specialisation) in Finance,2,Business and Commerce
645,649,MBA (Dual Specialisation) In HR,2,Business and Commerce
646,650,MBA (Dual Specialisation) in Production & Operations Management,2,Business and Commerce
647,651,MBA (Dual Specialisation) in International Business,2,Business and Commerce
648,652,MBA (Dual Specialisation) in Banking & Financial Services,2,Business and Commerce
649,653,MBA (Dual Specialisation) in Retail Management,2,Business and Commerce
650,654,MBA (Dual Specialisation) in Hospitality Management & Insurance,2,Business and Commerce
651,655,MBA (Dual Specialisation) in Information Technology,2,Business and Commerce
652,656,MA in Economics,2,Business and Commerce
653,657,M. Com in Masters of Commerce,2,Business and Commerce
654,658,Diploma in Financial Management,2,Business and Commerce
655,659,Diploma in Marketing Management,2,Business and Commerce
656,660,Diploma in Business & Entrepreneurship,2,Business and Commerce
657,661,Diploma in Business Management,2,Business and Commerce
658,662,Diploma in Industrial Relations,2,Business and Commerce
659,663,BA (Hons) in English,4,Education
660,664,BA (Hons) in History,4,Education
661,665,BA (Hons) in Psychology,4,Education
662,666,BA (Hons) in Sociology,4,Education
663,667,BA (Hons) in Poltical Science,4,Education
664,668,BA (Hons) in Public Administration,4,Education
665,669,BA (Hons) in Geography,4,Education
666,670,BA (Hons) in International Relations,4,Education
667,671,MA in English,4,Education
668,672,MA in History,4,Education
669,673,MA in Poltical Science,4,Education
670,674,MA in Sociology,4,Education
671,675,MA in Psychology,4,Education
672,676,MA in Geography,4,Education
673,677,MA in Public Administration,4,Education
674,678,MA in International Relations,4,Education
675,679,Master in Social Work (MSW),4,Education
676,680,Bachelor of Arts,4,Education
677,681,Bachelor in Arts - Journalism & Mass Communication (BA-JMC ),8,Mass Communication
678,682,Masters in Arts- Journalism & Mass Communication (MA-JMC ),8,Mass Communication
679,683,MBA (MM) Media Management,8,Mass Communication
680,684,PG Diploma Hindi Journalism,8,Mass Communication
681,685,PG Diploma PR & Event Management,8,Mass Communication
682,686,BFA in Painting,4,Education
683,687,BFA in Applied Arts,4,Education
684,688,MFA in Painting,4,Education
685,689,MFA in Applied Arts,4,Education
686,690,Bachelor of Architecture (B.Arch),7,Design Fashion and Animation
687,691,Bachelor of Interior Designing,7,Design Fashion and Animation
688,692,Diploma in Architecture,7,Design Fashion and Animation
689,693,B.Ed,4,Education
690,694,M. Ed,4,Education
691,695,Ph.D.,6,Medical
692,696,M. Phil (All Streams ),6,Medical
693,697,General Nursing & Midwifery (GNM),6,Medical
694,698,Auxiliary Nursing & Midwifery (ANM),6,Medical
695,699,Bachelors in Physiotherapy (BPT),6,Medical
696,700,Bachelor in Medical Lab Technician (BMLT ),6,Medical
697,701,B.Sc in OT Technique+Diploma in Clinical Nurse Assistant,6,Medical
698,702,B.Sc in Optometry/Renal Dialsis/Radiology,6,Medical
699,703,B.Sc in Allied Health Science-Respiratory Care Tech./Public Health./Sc./OTT/Hospital Administration/Cardic Care,6,Medical
700,704,Master of Public Health (MPH),6,Medical
701,705,Diploma in Hospital Administration/Physiotherapy/OTT/CT/Optemetry/Blood Transfusion/X-Ray/Cardic,6,Medical
702,706,Diploma in Ambulance Technician/ Critical Care/ ICU Technician/ Hospital Front Office,6,Medical
703,707,Diploma in Clinical Nurse Assistant (First Aid & Emergency Care ),6,Medical
704,708,Diploma in Clinical Nurse Assistant (Home Nursing ),6,Medical
705,709,Diploma in Clinical Nurse Assistant (Reproductive & Child Health,6,Medical
706,710,Diploma in Clinical Nurse Assistant (Family Welfare & Population Education ),6,Medical
707,711,Diploma in Clinical Nurse Assistant ( Nutrition & Personal Hygeine ),6,Medical
708,712,Bachelor of Engineering in Aerospace,1,Engineering and Technology
709,713,Bachelor of Engineering in Automobile Engineering,1,Engineering and Technology
710,714,Bachelor of Engineering in Biotechnology Engineering,1,Engineering and Technology
711,715,Bachelor of Engineering in Chemical Engineering,1,Engineering and Technology
712,716,Bachelor of Engineering in Civil Engineering,1,Engineering and Technology
713,717,Bachelor of Engineering in Computer Science Engineering,1,Engineering and Technology
714,718,Bachelor of Engineering in CSE Artificial Intelligence & Machine Learning Engineering,1,Engineering and Technology
715,719,Bachelor of Engineering in CSE Internet of Things,1,Engineering and Technology
716,720,Bachelor of Engineering in CSE Mobile Computing,1,Engineering and Technology
717,721,Bachelor of Engineering in CSE Open Souce and Open Standard,1,Engineering and Technology
718,722,Bachelor of Engineering in Electrical Engineering,1,Engineering and Technology
719,723,Bachelor of Engineering in Electronics and Communicaion Engineering,1,Engineering and Technology
720,724,Bachelor of Engineering in Petroleum Engineering,1,Engineering and Technology
721,725,Bachelor of Engineering in Information Technology,1,Engineering and Technology
722,726,Bachelor of Engineering in Mechanical Engineering,1,Engineering and Technology
723,727,Bachelor of Engineering in Mechatronics Engineering,1,Engineering and Technology
724,728,Bachelor of Engineering in Food Technology Engineering,1,Engineering and Technology
725,729,Bachelor of Engineering in Graphics and Gaming Engineering,1,Engineering and Technology
726,730,Master of Engineering in Automobile Engineering,1,Engineering and Technology
727,731,Master of Engineering in Civil Engineering,1,Engineering and Technology
728,732,Master of Engineering in Computer Science Engineering,1,Engineering and Technology
729,733,Master of Engineering in Computer Science Engineering (Hons),1,Engineering and Technology
730,734,Master of Engineering in Electronics and Communicaion Engineering,1,Engineering and Technology
731,735,Master of Engineering in Electrical Engineering,1,Engineering and Technology
732,736,Master of Engineering in Electrical Engineering (Hons),1,Engineering and Technology
733,737,Master of Engineering in Information Technology,1,Engineering and Technology
734,738,Master of Engineering in Mechanical Engineering,1,Engineering and Technology
735,739,Master of Engineering in Mechanical Engineering (Hons),1,Engineering and Technology
736,740,Master of Engineering in Energy System Engineering,1,Engineering and Technology
737,741,Master of Engineering in Artificial Intelligence in Machine Learning Engineering,1,Engineering and Technology
738,742,Bachelor of Business Administration (BBA),2,Business and Commerce
739,743,BBA- Advertising & Marketing,2,Business and Commerce
740,744,BBA- Banking & Finance,2,Business and Commerce
741,745,BBA- Insurance & Risk Management,2,Business and Commerce
742,746,BBA- Tourism & Event Management,2,Business and Commerce
743,747,BBA - Forex Management,2,Business and Commerce
744,748,BBA - Family Business Management,2,Business and Commerce
745,749,Masters of Business Administration (MBA),2,Business and Commerce
746,750,MBA in Tourism and Hospitality Management,10,Hospitality and Tourism Management
747,751,MBA Logistics and Supply Chain Management,2,Business and Commerce
748,752,Bachelor of Computer Applications (BCA),9,Computer Application
749,753,B.Sc (Computer Science),9,Computer Application
750,754,Master of Computer Applications (MCA),9,Computer Application
751,755,Masters of Computer Applications (Lateral Entry for B.Sc IT/BCA Graduates),9,Computer Application
752,756,BA + B.Ed (Integrated)*,4,Education
753,757,B.Sc + B.Ed (Integrated)*,4,Education
754,758,B.P.Ed,4,Education
755,759,Post Graduate Diploma in Yoga Education,4,Education
756,760,"B.Sc in Animation, VFX and Gaming",7,Design Fashion and Animation
757,761,B.Sc in Film Studies,7,Design Fashion and Animation
758,762,B.Sc in Interior Design,7,Design Fashion and Animation
759,763,Bachelor of Fine Arts,7,Design Fashion and Animation
760,764,Bachelor of Fashion & Design,7,Design Fashion and Animation
761,765,M.Sc in Animation and Multimedia Technology,7,Design Fashion and Animation
762,766,"B.Sc. Hotel & Hospitality Management (HHM)
- Resort & Event Managemen (with specialization from 2nd yr)
- Restaurant & Catering Management (with specialization from 2nd yr)",10,Hospitality and Tourism Management
763,767,B.Sc. Airlines & Airport Management,10,Hospitality and Tourism Management
764,768,B.Sc. Travel & Tourism Management,10,Hospitality and Tourism Management
765,769,B.Sc. Hospitality and Hotel Administration Affiliated to National Council for Hotel Management & Catering Technology,10,Hospitality and Tourism Management
766,770,B.Sc. Culinary Arts,10,Hospitality and Tourism Management
767,771,MBA in Tourism and Hospitality Management,10,Hospitality and Tourism Management
768,772,Pharm D,5,Pharmacy
769,773,Bachelor of Physiotherapy,6,Medical
770,774,Bachelor of Optometry,6,Medical
771,775,Bachelor of Pharmacy (B.Pharma),5,Pharmacy
772,776,Bachelor of Pharmacy - Lateral Entry,5,Pharmacy
773,777,B.Sc Medical Lab Technology - (MLT),6,Medical
774,778,B.Sc Medical Lab Technology - (MLT) Lateral Entry,6,Medical
775,779,M.Sc in Forensic Science and Toxicology,6,Medical
776,780,M.Sc in Forensic Science and Toxicology - Lateral Entry,6,Medical
777,781,M Pharm,5,Pharmacy
778,782,M.Sc Clinical Psychology,6,Medical
779,783,B.Sc in Biotechnology (BT),6,Medical
780,784,M.Sc in (Bio-Technology),6,Medical
781,785,M.Sc Industrial Microbiology,6,Medical
782,786,Bachelor of Design (Industrial Design ),7,Design Fashion and Animation
783,787,Bachelor of Architecture (B. Arch),7,Design Fashion and Animation
784,788,Bachelor of Commerce (B.Com Hons),2,Business and Commerce
785,789,Master in Commerce - Honors M.Com-(Hons),2,Business and Commerce
786,790,Bachelor of Arts + Bachelor of Law (B.A. LL.B) - Integrated,3,Law
787,791,Bachelor of Law (LL.B),3,Law
788,792,Bachelor of Commerce + Bachelor of Law (B.Com. LL.B) - Integrated,3,Law
789,793,Bachelor of Business Administration + Bachelor of Law (B.B.A. LL.B) - Integrated,3,Law
790,794,Master of Law (LL.M),3,Law
791,795,B.Sc (Agriculture) + MBA – Integrated,6,Medical
792,796,B.Sc (Hons.) in Agriculture,6,Medical
793,797,MSC Agronomy,6,Medical
794,798,Bachelor of Arts (Journalism + Mass Communication),8,Mass Communication
795,799,Masters of Arts (Journalism + Mass Communication),8,Mass Communication
796,800,Bachelor of Arts (B.A),4,Education
797,801,Master of Arts - English,4,Education
798,802,Master of Arts - Psychology,4,Education
799,803,Master of Arts - Performing Arts,4,Education
800,804,Bachelor of Science(B. Sc.) - Non Medical,6,Medical
801,805,Bachelor of Science(B. Sc.) - Nutrition & Dietetics,6,Medical
802,806,Bachelor of Science(B. Sc.) - Actuarial Sciences,6,Medical
803,807,Bachelor of Science(B. Sc.) - Medical,6,Medical
804,808,Bachelor of Science(B. Sc.) - Physics,6,Medical
805,809,Bachelor of Science(B. Sc.) - Chemistry,6,Medical
806,810,Bachelor of Science(B. Sc.) - Economics,6,Medical
807,811,Master of Science - Chemistry,6,Medical
808,812,Master of Science - Physics,6,Medical
809,813,Master of Science - Mathematics,6,Medical
810,814,Master of Science(M. Sc.) - Economics,6,Medical
811,815,"BE - Computer Science and Engineering (CSE)
Big Data and Analytics",1,Engineering and Technology
812,816,"BE - Computer Science and Engineering (CSE)
Cloud Computing",1,Engineering and Technology
813,817,"BE - Computer Science and Engineering (CSE)
Information Security",1,Engineering and Technology
814,818,"ME - Computer Science and Engineering (CSE)
Big Data and Analytics",1,Engineering and Technology
815,819,"ME - Computer Science and Engineering (CSE)
Cloud Computing",1,Engineering and Technology
816,820,"ME - Computer Science and Engineering (CSE)
Information Security",1,Engineering and Technology
817,821,B.Tech in Electronics and Communication (ECE),1,Engineering and Technology
818,822,B. Tech in Computer Science Engineering (CSE),1,Engineering and Technology
819,823,B. Tech in Mechanical Engineering,1,Engineering and Technology
820,824,B. Tech in Civil Engineering,1,Engineering and Technology
821,825,Integrated B.tech + M.tech (ME/CE/CSE/ECE),1,Engineering and Technology
822,826,M. Tech in Communication System,1,Engineering and Technology
823,827,M. Tech in Computer Science & Engineering,1,Engineering and Technology
824,828,M. Tech in Production Engineering,1,Engineering and Technology
825,829,M. Tech in Environmental Engineering,1,Engineering and Technology
826,830,Ph.D in Engineering,1,Engineering and Technology
827,831,B. Sc. (Hons.) Physics,6,Medical
828,832,B. Sc. (Hons.) Chemistry,6,Medical
829,833,B. Sc. (Hons.) Mathematics,6,Medical
830,834,M.Sc. Physics,6,Medical
831,835,M.Sc. Chemistry,6,Medical
832,836,M.Sc. Mathematics,6,Medical
833,837,Ph.D. (Physics),6,Medical
834,838,Ph.D. (Chemistry),6,Medical
835,839,Ph.D. (Mathematics),6,Medical
836,840,Bachelor of Pharmacy (B.Pharma),5,Pharmacy
837,841,Master of Pharmacy (M.Pharma),5,Pharmacy
838,842,Ph. D. (Pharmacy Science),5,Pharmacy
839,843,B.Com (Hons.),2,Business and Commerce
840,844,Bachelor of Business Administration (BBA),2,Business and Commerce
841,845,B.Com. Hons. (IFA),2,Business and Commerce
842,846,MBA- Dual Specialization,2,Business and Commerce
843,847,Ph.D. (Management & Commerce),2,Business and Commerce
844,848,LLB,3,Law
845,849,B.A.LL.B.,3,Law
846,850,LL.M (Intellectual Property Rights/ Criminal Law/ Corporate Law),3,Law
847,851,Ph.D. (LEGAL STUDIES),3,Law
848,852,Diplma in Computer Science Engineering,1,Engineering and Technology
849,853,Diploma in Electircal Engineering,1,Engineering and Technology
850,854,Diploma in Mechanical Engineering,1,Engineering and Technology
851,855,Diploma in Civil Engineering,1,Engineering and Technology
852,856,B.Tech in Computer Science Engineering,1,Engineering and Technology
853,857,B.Tech in Electrical Engineering,1,Engineering and Technology
854,858,B.Tech in Mechanical Engineering,1,Engineering and Technology
855,859,B.Tech in Civil Engineering,1,Engineering and Technology
856,860,M.tech in (All Streams),1,Engineering and Technology
857,861,BCA,2,Business and Commerce
858,862,MCA,2,Business and Commerce
859,863,MCA(LEET),2,Business and Commerce
860,864,BBA,2,Business and Commerce
861,865,MBA (All Specialiazation),2,Business and Commerce
862,866,B.COM,2,Business and Commerce
863,867,M.COM,2,Business and Commerce
864,868,Diploma in Pharmacy (D.Pharma),5,Pharmacy
865,869,Bachelor of Pharmacy (B.Pharma),5,Pharmacy
866,870,B.Sc (Hons.) in Agriculture,6,Medical
867,871,B.Sc in (P-C-M),6,Medical
868,872,B.Sc in Biology,6,Medical
869,873,M.sc (P-C-M),6,Medical
870,874,Bachelor of Arts,4,Education
871,875,Master of Arts,4,Education
872,876,Diploma in Architecture,7,Design Fashion and Animation
873,877,Bachelor of Architecture,7,Design Fashion and Animation
874,878,BA LLB (Integrated Course),3,Law
875,879,Bachelor of Laws (LLB),3,Law
876,880,Master of Laws (LLM),3,Law
877,881,B.TECH (ALL STREAMS),1,Engineering and Technology
878,882,B.TECH (LEET),1,Engineering and Technology
879,883,M.TECH in (All Streams),1,Engineering and Technology
880,884,Bachelor of Business Administration (BBA),2,Business and Commerce
881,885,Master in Business Administration (MBA),2,Business and Commerce
882,886,Bachelor of Computer Aplication (BCA),2,Business and Commerce
883,887,Master of Computer Application (MCA),2,Business and Commerce
884,888,Bachelor in Fashion & Apparel Design (BFAD),7,Design Fashion and Animation
885,889,Diploma in Electrical Engineering,1,Engineering and Technology
886,890,Diploma in Mechanical Engineering,1,Engineering and Technology
887,891,Diploma in Computer Science & Engineering,1,Engineering and Technology
888,892,Diploma in Electrictronics and Communication Engineering,1,Engineering and Technology
889,893,B.Tech in Mechanical Engineering,1,Engineering and Technology
890,894,B.Tech in Civil Engineering,1,Engineering and Technology
891,895,B.Tech in Computer Science Engineering,1,Engineering and Technology
892,896,B.Tech in Electronics and Communication,1,Engineering and Technology
893,897,B.Tech in Information Technology,1,Engineering and Technology
894,898,Bachelor of Business Administration (BBA),2,Business and Commerce
895,899,Master in Business Administration (MBA),2,Business and Commerce
896,900,M.Tech in Civil Engineering,1,Engineering and Technology
897,901,M.tech in Mechanical Engineering,1,Engineering and Technology
898,902,M.tech in Electronics and Communication Engineering,1,Engineering and Technology
899,903,M.Tech in Computer Science Engineering,1,Engineering and Technology
900,904,B.Tech in Computer Science Engineering,1,Engineering and Technology
901,905,B.Tech in Civil Engineering,1,Engineering and Technology
902,906,B.Tech in Electronics and Communication,1,Engineering and Technology
903,907,B.Tech in Mechanical Engineering,1,Engineering and Technology
904,908,M.tech in Mechanical Engineering,1,Engineering and Technology
905,909,M.tech in Electronics and Communication Engineering,1,Engineering and Technology
906,910,M.Tech in Computer Science Engineering,1,Engineering and Technology
907,911,Bachelor of Business Administration (BBA),2,Business and Commerce
908,912,Master in Business Administration (MBA),2,Business and Commerce
909,913,B.Tech (Electronics & Communication Engineering),1,Engineering and Technology
910,914,B.Tech (Civil Engineering),1,Engineering and Technology
911,915,B.Tech (Mechanical Engineering),1,Engineering and Technology
912,916,B.Tech (Computer Science & Engg.),1,Engineering and Technology
913,917,Diploma in Mechanical Engineering,1,Engineering and Technology
914,918,Diploma in Civil Engineering,1,Engineering and Technology
915,919,Master in Business Administration (MBA),2,Business and Commerce
916,920,B.Tech (Electronics & Communication Engineering),1,Engineering and Technology
917,921,B.Tech (Civil Engineering),1,Engineering and Technology
918,922,B.Tech (Mechanical Engineering),1,Engineering and Technology
919,923,B.Tech (Computer Science & Engg.),1,Engineering and Technology
920,924,B.Tech (Electrical Engineering),1,Engineering and Technology
921,925,B.Tech (Information Technology),1,Engineering and Technology
922,926,B.Tech Lateral Entry - 2nd year (All Branches ),1,Engineering and Technology
923,927,M.Tech (VLSI & Embedded System),1,Engineering and Technology
924,928,M.Tech in Computer Science Engineering,1,Engineering and Technology
925,929,M.Tech in Civil Engineering,1,Engineering and Technology
926,930,M.tech in Mechanical Engineering,1,Engineering and Technology
927,931,Master of Computer Application (MCA),2,Business and Commerce
928,932,Master of Computer Application (LEET),2,Business and Commerce
929,933,Master in Business Administration (MBA),2,Business and Commerce
930,934,MBA Integrated (BBA+MBA),2,Business and Commerce
931,935,B.tech in Computer Science & Information Technology,1,Engineering and Technology
932,936,B.tech in Mechanical Engineering,1,Engineering and Technology
933,937,B.tech in Civil Engineering,1,Engineering and Technology
934,938,B.tech in Electronics and Communication engineering,1,Engineering and Technology
935,939,B.tech in Electrical Engineering,1,Engineering and Technology
936,940,M.Tech (All Streams),1,Engineering and Technology
937,941,Bachelor of Business Administration (BBA),2,Business and Commerce
938,942,Master in Business Administration (MBA),2,Business and Commerce
939,943,Bachelor in Computer Application (BCA),2,Business and Commerce
940,944,Master of Computer Application (MCA),2,Business and Commerce
941,945,Master of Computer Application (LEET),2,Business and Commerce
942,946,DIPLOMA IN VOCAL (Automotive Manufacturing Technology),1,Engineering and Technology
943,947,Post Graduate Diploma in Management (PGDM),2,Business and Commerce
944,948,Bachelor of Arts + Bachelor of Law (B.A. LL.B) - Integrated,3,Law
945,949,Bachelor of Law (LL.B),3,Law
946,950,Bachelor of Commerce + Bachelor of Law (B.Com. LL.B) - Integrated,3,Law
947,951,Master of Law (LL.M),3,Law
948,952,B.Tech in Computer Science and Engineering,1,Engineering and Technology
949,953,B.Tech in Mechanical Engineering,1,Engineering and Technology
950,954,B.tech in Electronics and Communication,1,Engineering and Technology
951,955,B.tech in Information Technology,1,Engineering and Technology
952,956,B.tech in Civil Engineering,1,Engineering and Technology
953,957,B.tech in Textile Engineering,1,Engineering and Technology
954,958,B.tech Lateral Entry (All Branches),1,Engineering and Technology
955,959,M.TECH,1,Engineering and Technology
956,960,Diploma in Mechanical Engineering,1,Engineering and Technology
957,961,Bachelor of Business Administration (BBA),2,Business and Commerce
958,962,Bachelor in Computer Application (BCA),2,Business and Commerce
959,963,Master in Business Administration (MBA),2,Business and Commerce
960,964,Master of Computer Application (MCA),2,Business and Commerce
961,965,Master of Computer Application (LEET),2,Business and Commerce
962,966,Diploma in Electronics and Communications Engineering,1,Engineering and Technology
963,967,Diploma in Computer Science and Engineering,1,Engineering and Technology
964,968,Diploma in Mechanical Engineering,1,Engineering and Technology
965,969,Diploma in Civil Engineering,1,Engineering and Technology
966,970,Diploma in Engineering (LEET),1,Engineering and Technology
967,971,B.Tech in Mechanical Engineering,1,Engineering and Technology
968,972,B.Tech in Computer Science and Engineering,1,Engineering and Technology
969,973,B.tech in Civil Engineering,1,Engineering and Technology
970,974,B.tech in Electrical and Electronics Engineering,1,Engineering and Technology
971,975,B.Tech (Electronics & Communication Engineering),1,Engineering and Technology
972,976,B.tech Lateral Entry (All Branches),1,Engineering and Technology
973,977,Bachelor in Computer Application (BCA),2,Business and Commerce
974,978,Bachelor of Business Administration (BBA),2,Business and Commerce
975,979,Bachelor of Commerce (B.Com),2,Business and Commerce
976,980,Bachelor of Tourism and Travel Management (BTTM),10,Hospitality and Tourism Management
977,981,Master in Business Administration (MBA),2,Business and Commerce
978,982,Master of Computer Application (MCA),2,Business and Commerce
979,983,Master of Computer Application (LEET),2,Business and Commerce
980,984,B.Tech in Computer Science and Engineering,1,Engineering and Technology
981,985,B.tech in Civil Engineering,1,Engineering and Technology
982,986,B.Tech in Mechanical Engineering,1,Engineering and Technology
983,987,B.Tech (Electronics & Communication Engineering),1,Engineering and Technology
984,988,Bachelor of Business Administration (BBA),2,Business and Commerce
985,989,Bachelor in Computer Application (BCA),2,Business and Commerce
986,990,Bachelor of Commerce (B.Com),2,Business and Commerce
987,991,Master in Business Administration (MBA),2,Business and Commerce
988,992,B.Sc in Biotechnology (Biotech),6,Medical
989,993,B.Tech in Computer Science and Engineering,1,Engineering and Technology
990,994,B.tech in Civil Engineering,1,Engineering and Technology
991,995,B.tech in Electrical and Electronics Engineering,1,Engineering and Technology
992,996,B.Tech in Mechanical Engineering,1,Engineering and Technology
993,997,B.Tech (Electronics & Communication Engineering),1,Engineering and Technology
994,998,B.tech Lateral Entry,1,Engineering and Technology
995,999,Bachelor of Business Administration (BBA),2,Business and Commerce
996,1000,Bachelor of Commerce (B.Com),2,Business and Commerce
997,1001,Master in Business Administration (MBA),2,Business and Commerce
998,1002,Master of Computer Application (MCA),2,Business and Commerce
999,1003,B.Tech in Computer Science and Engineering,1,Engineering and Technology
1000,1004,B.Tech in Civil Engineering,1,Engineering and Technology
1001,1005,B.Tech in Mechanical Engineering,1,Engineering and Technology
1002,1006,B.Tech in Electronic & Commutations Engineering,1,Engineering and Technology
1003,1007,Diploma in Civil,1,Engineering and Technology
1004,1008,Master of Business Administration (MBA),2,Business and Commerce
1005,1009,Bachelor of Business Administration (BBA),2,Business and Commerce
1006,1010,Bachelor in Physiotherapy,6,Medical
1007,1011,Master in Physiotherapy,6,Medical
1008,1012,Diploma in Medical,6,Medical
1009,1013,BSc in Biotechnology,6,Medical
1010,1014,BSc in Microbiology,6,Medical
1011,1015,MSc in Biotechnology,6,Medical
1012,1016,MSc in Microbiology,6,Medical
1013,1017,Bachelor in computer Application(BCA),9,Computer Application
1014,1018,International Diploma in Hotel Management,10,Hospitality and Tourism Management
1015,1019,B.sc in Hotel Management,10,Hospitality and Tourism Management
1016,1020,BA In Tourism & Hotel Management,10,Hospitality and Tourism Management
1017,1021,Bachelor in Hotel Management,10,Hospitality and Tourism Management
1018,1022,MBA in Hotel Management,10,Hospitality and Tourism Management
1019,1023,Bachelor of Business Administration (BBA),2,Business and Commerce
1020,1024,Bachelor in computer Application(BCA),2,Business and Commerce
1021,1025,Master of Business Administration in (I.B),2,Business and Commerce
1022,1026,Bachelor Of Education,4,Education
1023,1027,M.A Education,4,Education
1024,1028,Bachelor of Library Science(B. Lib),6,Medical
1025,1029,M.Lib,6,Medical
1026,1030,Bachelor in Physiotherapy,6,Medical
1027,1031,Master in Physiotherapy (MPT) Ortho/ Neuro,6,Medical
1028,1032,B.Sc Forestry,6,Medical
1029,1033,B.Sc Agriculture,6,Medical
1030,1034,M.Sc Forestry,6,Medical
1031,1035,M.Sc Agronomy,6,Medical
1032,1036,B.Sc Horticulture,6,Medical
1033,1037,B.Sc Fishery,6,Medical
1034,1038,B.Sc Food Technology,6,Medical
1035,1039,BSc in Medical lab technology (B.Sc. MLT),6,Medical
1036,1040,BSc Medical Microbiology (B.Sc MM),6,Medical
1037,1041,BSc in Biotechnology(CBZ),6,Medical
1038,1042,M.Sc Horticulture,6,Medical
1039,1043,M.Sc Fishery,6,Medical
1040,1044,M.Sc Food Technology,6,Medical
1041,1045,M.Sc Botany,6,Medical
1042,1046,M.Sc Zoology,6,Medical
1043,1047,M.Sc in Biochemistry,6,Medical
1044,1048,M.Sc in Medical Lab Tech (MLT),6,Medical
1045,1049,M.Sc Chemistry,6,Medical
1046,1050,M.Sc Enivromental Science,6,Medical
1047,1051,M.Sc Microbiology,6,Medical
1048,1052,M.Sc Biotechnology,6,Medical
1049,1053,M.Sc Pharmaceutical Chemistry,6,Medical
1050,1054,B.A Mass Communication,8,Mass Communication
1051,1055,M.A Mass Communication,8,Mass Communication
1052,1056,Bachelor in Hotel Management( B.H.M),10,Hospitality and Tourism Management
1053,1057,B.Tech in Applied Science,1,Engineering and Technology
1054,1058,B.Tech in Information and technology,1,Engineering and Technology
1055,1059,B.Tech in Computer science,1,Engineering and Technology
1056,1060,B.Tech in electronics & Communication,1,Engineering and Technology
1057,1061,B.Tech in Mechanical,1,Engineering and Technology
1058,1062,B.Tech in Civil,1,Engineering and Technology
1059,1063,B.Tech in Electronics & Computer,1,Engineering and Technology
1060,1064,B.Tech in Electrical & Electronics,1,Engineering and Technology
1061,1065,B.Tech in CSE & IT,1,Engineering and Technology
1062,1066,Masters of Buisness Administration(MBA),2,Business and Commerce
1063,1067,Masters of Technology(M.tech),2,Business and Commerce
1064,1068,Master of Business Administration (MBA),2,Business and Commerce
1065,1069,Bachelor of Business Administration (BBA),2,Business and Commerce
1066,1070,Post Gradute in Diploma management,2,Business and Commerce
1067,1071,Bachelor in computer Application(BCA),9,Computer Application
1068,1072,Master in computer application (MCA),9,Computer Application
1069,1073,B.Tech in Computer Science and Engineering,1,Engineering and Technology
1070,1074,B.Tech in Civil Engineering,1,Engineering and Technology
1071,1075,B.Tech in Mechanical Engineering,1,Engineering and Technology
1072,1076,B.Tech in Electronic & Communication Engineering,1,Engineering and Technology
1073,1077,B. Tech in electrical engineering,1,Engineering and Technology
1074,1078,M.Tech in Electronis and communication,1,Engineering and Technology
1075,1079,M.Tech in Mechanical Engineering,1,Engineering and Technology
1076,1080,M.Tech in Computer Science and Engineering,1,Engineering and Technology
1077,1081,Bachelor of Commerce(B.COM) ,2,Business and Commerce
1078,1082,Bachelor of Business Administration (BBA) ,2,Business and Commerce
1079,1083,Master of Business Administration (MBA),2,Business and Commerce
1080,1084,Bachelor in computer Application (BCA),9,Computer Application
1081,1085,B.Tech in Computer Science and Engineering,1,Engineering and Technology
1082,1086,B.Tech in Civil Engineering,1,Engineering and Technology
1083,1087,B.Tech in Mechanical Engineering,1,Engineering and Technology
1084,1088,B.Tech in Electronic & Communication Engineering,1,Engineering and Technology
1085,1089,B.Tech in electrical engineering,1,Engineering and Technology
1086,1090,B.Tech (LEET),1,Engineering and Technology
1087,1091,M.Tech in Computer Science and Engineering,1,Engineering and Technology
1088,1092,M.Tech in Civil Engineering,1,Engineering and Technology
1089,1093,M.Tech in Mechanical Engineering,1,Engineering and Technology
1090,1094,M.Tech in Electronic & Communication Engineering,1,Engineering and Technology
1091,1095,M.Tech in electrical engineering,1,Engineering and Technology
1092,1096,Bachelor of Business Administration (BBA) ,2,Business and Commerce
1093,1097,Master of Business Administration (MBA),2,Business and Commerce
1094,1098,B. Pharm,5,Pharmacy
1095,1099,Bachelor in Physiotherapy,6,Medical
1096,1100,B.Sc Nursing,6,Medical
1097,1101,Auxiliary Nursing & Midwifery (ANM),6,Medical
1098,1102,General Nursing & Midwifery (GNM),6,Medical
1099,1103,Diploma in medical lab and technology,6,Medical
1100,1104,Diploma in Civil Engineering,1,Engineering and Technology
1101,1105,B.Tech in Computer Science & Engineering (CSE),1,Engineering and Technology
1102,1106,B.Tech in Electronics & Communication Engineering (ECE),1,Engineering and Technology
1103,1107,B.Tech in Electrical Engineering (EE),1,Engineering and Technology
1104,1108,B.Tech in Civil Engineering (CE),1,Engineering and Technology
1105,1109,M.Tech in Masters of Technology,1,Engineering and Technology
1106,1110,Master of Business Administration (MBA),2,Business and Commerce
1107,1111,Bachelor of Business Administration (BBA),2,Business and Commerce
1108,1112,Bachelor in Physiotherapy,6,Medical
1109,1113,Bachelor in computer Application(BCA),9,Computer Application
1110,1114,B.sc Interior Designing,7,Design Fashion and Animation
1111,1115,B.Sc in Fashion Designing,7,Design Fashion and Animation
1112,1116,Post Graduate Diploma in Management (PGDM),2,Business and Commerce
1113,1117,B.Tech Civil Engineering,1,Engineering and Technology
1114,1118,B.Tech Electronics & Communication,1,Engineering and Technology
1115,1119,B.Tech Mechanical Engineering,1,Engineering and Technology
1116,1120,B.Tech. in Computer Science & Engineering,1,Engineering and Technology
1117,1121,Bachelor of Business Administration (BBA),2,Business and Commerce
1118,1122,Bachelor in computer Application(BCA),2,Business and Commerce
1119,1123,Master of Business Administration (MBA),2,Business and Commerce
1120,1124,Diploma in computer science Engineering,1,Engineering and Technology
1121,1125,Diploma in Civil Engineering,1,Engineering and Technology
1122,1126,Diplomai in Mechnaical Engineering,1,Engineering and Technology
1123,1127,"Diploma in Automobile Engineering 
",1,Engineering and Technology
1124,1128,"B.Tech in Electrical Engineering

",1,Engineering and Technology
1125,1129,"B.Tech Electronics & Communication 
",1,Engineering and Technology
1126,1130,B Tech in Civil Engineering,1,Engineering and Technology
1127,1131,"B.Tech in Mechanical Engineering

",1,Engineering and Technology
1128,1132,"B.Tech. in Computer Science & Engineering 
",1,Engineering and Technology
1129,1133,M.Tech in Computer science,1,Engineering and Technology
1130,1134,M.Tech in Mechanical Engineering,1,Engineering and Technology
1131,1135,Bachelor of Business Administration (BBA),2,Business and Commerce
1132,1136,Bachelor in computer Application(BCA),2,Business and Commerce
1133,1137,"B.Tech. in Computer Science & Engineering 
",1,Engineering and Technology
1134,1138,"B.Tech in Mechanical Engineering
",1,Engineering and Technology
1135,1139,B Tech in Civil Engineering,1,Engineering and Technology
1136,1140,"B.Tech Electronics & Communication

",1,Engineering and Technology
1137,1141,"B.Tech in Electrical Engineering

",1,Engineering and Technology
1138,1142,B.Tech in Information Technology,1,Engineering and Technology
1139,1143,B.tech in Electrical and Electronics Engineering,1,Engineering and Technology
1140,1144,M.Tech in Information Technology,1,Engineering and Technology
1141,1145,M.Tech in Computer science Engineering,1,Engineering and Technology
1142,1146,M.Tech in Mechanical Engineering,1,Engineering and Technology
1143,1147,M.Tech in Electronics & Communication,1,Engineering and Technology
1144,1148,Master of Business Administration (MBA),2,Business and Commerce
1145,1149,"B.Tech. in Computer Science & Engineering 
",1,Engineering and Technology
1146,1150,"B.Tech in Mechanical Engineering
",1,Engineering and Technology
1147,1151,"B.Tech Electronics & Communication

",1,Engineering and Technology
1148,1152,B Tech in Civil Engineering,1,Engineering and Technology
1149,1153,M.Tech in Computer science Engineering,1,Engineering and Technology
1150,1154,M.Tech in Mechanical Engineering,1,Engineering and Technology
1151,1155,Bachelor of Business Administration (BBA),2,Business and Commerce
1152,1156,Bachelor in computer Application(BCA),2,Business and Commerce
1153,1157,BBA+UGPM,2,Business and Commerce
1154,1158,MBA+ PGPM,2,Business and Commerce
1155,1159,PGDM+PGPM,2,Business and Commerce
1156,1160,B.Tech in Information Technology,1,Engineering and Technology
1157,1161,B.Tech in Electronics & Communication,1,Engineering and Technology
1158,1162,B Tech in Civil Engineering,1,Engineering and Technology
1159,1163,"B.Tech Mechanical Engineering 
",1,Engineering and Technology
1160,1164,B.Tech in Computer Science & Engineering,1,Engineering and Technology
1161,1165,M.Tech in Mechanical Engineering,1,Engineering and Technology
1162,1166,Master of Business Administration (MBA),2,Business and Commerce
1163,1167,Master in computer application (MCA),9,Computer Application
1164,1168,Bachelor of Journalism and Mass Communication,8,Mass Communication
1165,1169,Master of Business Administration (MBA),2,Business and Commerce
1166,1170,Master in computer application (MCA),9,Computer Application
1167,1171,Master of Computer Application (LEET),9,Computer Application
1168,1172,Post Graduate Diploma in Management (PGDM),2,Business and Commerce
1169,1173,Bachelor of Arts + Bachelor of Law (B.A. LL.B) - Integrated,3,Law
1170,1174,Bachelor of Law (LL.B),3,Law
1171,1175,Diploma in Pharmacy (D.Pharma),5,Pharmacy
1172,1176,Bachelor of Pharmacy (B.Pharma),5,Pharmacy
1173,1177,B.Tech Electrical and Electronics Engineering,1,Engineering and Technology
1174,1178,"B.Tech Electronics & Communication 
",1,Engineering and Technology
1175,1179,B Tech in Civil Engineering,1,Engineering and Technology
1176,1180,B.Tech Mechanical Engineering,1,Engineering and Technology
1177,1181,B.Tech. in Computer Science & Engineering,1,Engineering and Technology
1178,1182,Master of Business Administration (MBA),2,Business and Commerce
1179,1183,Bachelor of Commerce + Bachelor of Law (B.Com. LL.B) - Integrated,3,Law
1180,1184,Bachelor of Business Administration + Bachelor of Law (B.B.A. LL.B) - Integrated,3,Law
1181,1185,Bachelor of Arts + Bachelor of Law (B.A. LL.B) - Integrated,3,Law
1182,1186,Bachelor of Law (LL.B),3,Law
1183,1187,B.Tech in Electrical Engineering,1,Engineering and Technology
1184,1188,B.Tech in Chemical Engineering,1,Engineering and Technology
1185,1189,B.Tech in Mechanical Engineering,1,Engineering and Technology
1186,1190,B.Tech in Bio-technology Engineering,1,Engineering and Technology
1187,1191,Master in computer application (MCA),9,Computer Application
1188,1192,Master of Computer Application (LEET),9,Computer Application
1189,1193,Master of Business Administration (MBA),2,Business and Commerce
1190,1194,Post Graduate Diploma in Management (PGDM),2,Business and Commerce
1191,1195,Diploma in Civil Engineering,1,Engineering and Technology
1192,1196,Diploma in Mechnaical Engineering,1,Engineering and Technology
1193,1197,Diploma in Computer Science Engineering,1,Engineering and Technology
1194,1198,Diploma in Electrical Engineering,1,Engineering and Technology
1195,1199,Diploma in Electronics & Communication Engineering,1,Engineering and Technology
1196,1200,Diploma in Architect Asstt.,1,Engineering and Technology
1197,1201,B.Tech in Mechanical Engineering,1,Engineering and Technology
1198,1202,B.Tech in Computer Science & Engineering,1,Engineering and Technology
1199,1203,B.Tech in Civil Engineering,1,Engineering and Technology
1200,1204,B.Tech in Electrical Engineering,1,Engineering and Technology
1201,1205,B.Tech in Electronics & Communication Engineering (ECE),1,Engineering and Technology
1202,1206,Diploma in Civil Engineering,1,Engineering and Technology
1203,1207,Diploma in Mechnaical Engineering,1,Engineering and Technology
1204,1208,B.Tech in Civil Engineering,1,Engineering and Technology
1205,1209,B.Tech in Electrical Engineering,1,Engineering and Technology
1206,1210,B.Tech in Electronics & Communication Engineering,1,Engineering and Technology
1207,1211,B.Tech in Automobile Engineering,1,Engineering and Technology
1208,1212,B.Tech in Mechanical Engineering,1,Engineering and Technology
1209,1213,B.Tech. in Computer Science & Engineering,1,Engineering and Technology
1210,1214,M.Tech in Computer science Engineering,1,Engineering and Technology
1211,1215,M.Tech in Mechanical Engineering,1,Engineering and Technology
1212,1216,M.Tech in Electronics & Communication Engineering,1,Engineering and Technology
1213,1217,M.Tech in Electrical Engineering,1,Engineering and Technology
1214,1218,Bachelor of Business Administration (BBA),2,Business and Commerce
1215,1219,Master of Business Administration (MBA),2,Business and Commerce
1216,1220,Bachelors in Hotel Management (BHM),10,Hospitality and Tourism Management
1217,1221,B.Tech in Computer Science and Engineering,1,Engineering and Technology
1218,1222,B.Tech in Civil Engineering,1,Engineering and Technology
1219,1223,B.Tech in Mechanical Engineering,1,Engineering and Technology
1220,1224,B.Tech in Electronic & Tele Communications Engineering,1,Engineering and Technology
1221,1225,B.Tech in Electrical Engineering,1,Engineering and Technology
1222,1226,B.Tech in Lateral Entry (All Branches),1,Engineering and Technology
1223,1227,Bachelor of Business Administration (BBA),2,Business and Commerce
1224,1228,Bachelor in computer Application(BCA),9,Computer Application
1225,1229,B.Tech in Computer Science and Engineering,1,Engineering and Technology
1226,1230,B.Tech in Electronics & Communication Engineering,1,Engineering and Technology
1227,1231,B.Tech in Automobile Engineering,1,Engineering and Technology
1228,1232,B.Tech in Bio-technology Engineering,1,Engineering and Technology
1229,1233,B.Tech in Civil Engineering,1,Engineering and Technology
1230,1234,B.Tech in Mechanical Engineering,1,Engineering and Technology
1231,1235,M.Tech in Bio-technology Engineering,1,Engineering and Technology
1232,1236,M.Tech in (CAD/CAM),1,Engineering and Technology
1233,1237,M.Tech in Electrical and Electronics Engineering,1,Engineering and Technology
1234,1238,M.Tech in Computer science Engineering,1,Engineering and Technology
1235,1239,Master of Business Administration (MBA),2,Business and Commerce
1236,1240,Post Graduate Diploma in Management (PGDM),2,Business and Commerce
1237,1241,Bachelors of Business Administration,2,Business and Commerce
1238,1242,Bachelors of Business Administration (Entrepreneurship),2,Business and Commerce
1239,1243,BCom (Hons),2,Business and Commerce
1240,1244,MBA in Fintech,2,Business and Commerce
1241,1245,MBA in Data Analytics,2,Business and Commerce
1242,1246,MBA in Digital Business,2,Business and Commerce
1243,1247,MBA in Innovation and Sustainability,2,Business and Commerce
1244,1248,MBA in Marketing and Innovation,2,Business and Commerce
1245,1249,MBA in Public Policy & Management,2,Business and Commerce
1246,1250,Master of Business Administration (MBA),2,Business and Commerce
1247,1251,MBA (Entrepreneurship),2,Business and Commerce
1248,1252,BA in Physchology,4,Education
1249,1253,BA in Economics,4,Education
1250,1254,BA in Public Policy,4,Education
1251,1255,BA in Applied Mathematics,4,Education
1252,1256,BA in Media and Communication,4,Education
1253,1257,BA in International Relations,4,Education
1254,1258,BA in English,4,Education
1255,1259,BA in Liberal Arts,4,Education
1256,1260,MA in Physchology,4,Education
1257,1261,MA in Economics,4,Education
1258,1262,MA in Media and Communication,4,Education
1259,1263,MA in History and International Relations,4,Education
1260,1264,MA in Liberal Arts,4,Education
1261,1265,Executive MBA in FinTech,2,Business and Commerce
1262,1266,Executive MBA in Data Analysis,2,Business and Commerce
1263,1267,Executive MBA in Digital Business,2,Business and Commerce
1264,1268,Executive MBA in Public Policy,2,Business and Commerce
1265,1269,Executive MBA in Innovation and Sustainability,2,Business and Commerce
1266,1270,Executive MBA in Marketing and Innovation,2,Business and Commerce
1267,1271,Executive MBA in Public Policy and Management,2,Business and Commerce
1268,1272,Bachelor of Design in Fashion Designs,7,Design Fashion and Animation
1269,1273,Bachelor of Design in Interior Design,7,Design Fashion and Animation
1270,1274,Bachelor of Design in Product Design,7,Design Fashion and Animation
1271,1275,Bachelor of Design in Interaction Design,7,Design Fashion and Animation
1272,1276,BA (Hons) Design in 3D Animation and Gaming,7,Design Fashion and Animation
1273,1277,BA (Hons) Design in Luxury Design Management,7,Design Fashion and Animation
1274,1278,BA (Hons) Design in Graphic Design,7,Design Fashion and Animation
1275,1279,BA (Hons) Design in Fine Arts,7,Design Fashion and Animation
1276,1280,Master in Design in Fashion Design,7,Design Fashion and Animation
1277,1281,Master in Design in Interaction Design,7,Design Fashion and Animation
1278,1282,Master in Design in Interior Design,7,Design Fashion and Animation
1279,1283,MA Design in Fashion Business Management,7,Design Fashion and Animation
1280,1284,MA Design in Luxury Design Management,7,Design Fashion and Animation
1281,1285,MA Design in Graphic Design,7,Design Fashion and Animation
1282,1286,MA Design in Fine Arts,7,Design Fashion and Animation
1283,1287,MA Design in Design Future,7,Design Fashion and Animation
1284,1288,"B Sc (Hons) Computer
Science in Artificial Intelligence",9,Computer Application
1285,1289,"B Sc (Hons) Computer
Science in Innovation and Technology",9,Computer Application
1286,1290,M Sc Computer Science in Artificial Intelligence,9,Computer Application
1287,1291,M Sc Computer Science in Innovation and Technology,9,Computer Application
1288,1292,Bachelor of Pharmacy (B.Pharma),5,Pharmacy
1289,1293,Bachelor of Business Administration (BBA),2,Business and Commerce
1290,1294,Master of Business Administration (MBA),2,Business and Commerce
1291,1295,Post Graduate Diploma in Management (PGDM),2,Business and Commerce
1287,1296,"Diploma in Electrical Engineering 
",1,Engineering and Technology
1288,1297,"Diploma in Mechanical Engineering (Maintenance) 
",5,Pharmacy
1289,1298,"Diploma in Computer Science and Engineering 
",2,Business and Commerce
1290,1299,"Diploma in Civil Engineering 
",2,Business and Commerce
1291,1300,"Diploma in Mechanical Engineering (Production) 
",2,Business and Commerce
1292,1301,B.Tech in Computer Science & Engineering,1,Engineering and Technology
1293,1302,B.Tech in Computer Science & Engineering (Evening),1,Engineering and Technology
1294,1303,B.Tech in Information Technology,1,Engineering and Technology
1295,1304,B.Tech in Electronics & Communication Engineering,1,Engineering and Technology
1296,1305,B.Tech in Electrical & Electronics Engineering,1,Engineering and Technology
1297,1306,B.Tech in Mechanical Engineering,1,Engineering and Technology
1298,1307,B.Tech in Mechanical Engineering (Evening),1,Engineering and Technology
1299,1308,B.Tech in Civil Engineering,1,Engineering and Technology
1300,1309,B.Tech in Civil Engineering (Evening),1,Engineering and Technology
1301,1310,Bachelor of Architecture (B.Arch),1,Engineering and Technology
1302,1311,Master in computer application (MCA),1,Engineering and Technology
1303,1312,Master of Business Administration (MBA),1,Engineering and Technology
1304,1313,Post Graduate Diploma in Management (PGDM),1,Engineering and Technology
1305,1314,"Diploma every year in Hotel operations & Hotel Management and Higher Diploma in Hotel and Touruism Management in last year from RIG institute, Certified by HTMI Switzerland and Facilitating admission in 3 years degree programme",1,Engineering and Technology
1306,1315,"Enrollment in Degree Programme and transfer to HTMI Switzerland, after 2 years to complete the final year degree in Hotel & Tourism Management",7,Design Fashion and Animation
1307,1316,Enrollment in Degree Programme and transfer to Ulster University U.K after 1.5 Years for 2.5 years to complete 4 years degree programme in Hotel Management,2,Business and Commerce
1308,1317,"Certificate course of 1.5 years in food production from American Hotel and Lodging Educational Institute (AH&LEI), USA",2,Business and Commerce
1309,1318,"Certificate course of 1.5 years in F&B Service from American Hotel and Lodging Educational Institute (AH&LEI), USA",2,Business and Commerce
1310,1319,Bachelor of Business Administration (BBA),10,Hospitality and Tourism Management
1311,1320,Bachelor in computer Application(BCA),10,Hospitality and Tourism Management
1312,1321,Post Graduate Diploma in Management (PGDM),10,Hospitality and Tourism Management
1313,1322,Graphic Designing,10,Hospitality and Tourism Management
1314,1323,Graphic Designing + Web Designing,10,Hospitality and Tourism Management
1315,1324,Animation Prime,2,Business and Commerce
1316,1325,VFX Prime,2,Business and Commerce
1317,1326,Diploma in Engineering (All Streams),2,Business and Commerce
1318,1327,Diploma in Engineering (LEET),7,Design Fashion and Animation
1319,1328,B.Tech (All Streams),7,Design Fashion and Animation
1320,1329,B.Tech (LEET),7,Design Fashion and Animation
1321,1330,M.Tech (All Streams),7,Design Fashion and Animation
1322,1331,Bachelor in computer Application(BCA),1,Engineering and Technology
1323,1332,Master in computer application (MCA),1,Engineering and Technology
1324,1333,Master in computer application (LEET),1,Engineering and Technology
1325,1334,Bachelor of Business Administration (BBA),1,Engineering and Technology
1326,1335,Master of Business Administration (MBA),1,Engineering and Technology
1327,1336,Bachelor of Commerce (B.Com),2,Business and Commerce
1328,1337,Diploma in Hotel Managemet,2,Business and Commerce
1329,1338,Bachelor of Hotel Management,2,Business and Commerce
1330,1339,Bachelor of Architecture (B.Arch),2,Business and Commerce
1331,1340,Bachelor of Fashion Design,2,Business and Commerce
1332,1341,Bachelor of Journalism and Mass Communication (BJMC),2,Business and Commerce
1333,1342,B.Sc IT,10,Hospitality and Tourism Management
1334,1343,B.Sc in Forestry,10,Hospitality and Tourism Management
1335,1344,B.Sc in Agriculture,7,Design Fashion and Animation
1336,1345,B.Sc in PHYSICS/CHEMISTRY/MATHS (PCM),7,Design Fashion and Animation
1337,1346,B.Sc in CHEMISTRY/BOTANY/ZOOLOGY (CBZ),8,Mass Communication
1338,1347,B.Sc in Food Technology,1,Engineering and Technology
1339,1348,M.sc in Agronomy,6,Medical
1340,1349,BA in Mass Communication,6,Medical
1341,1350,MA in Mass Communication,6,Medical
1342,1351,PGDM Global,6,Medical
1343,1352,BBA+MBA (Integrated MBA),6,Medical
1344,1353,MBA + BASE,6,Medical
1345,1354,Master of Business Administration (MBA),8,Mass Communication
1346,1355,MBA-IB,8,Mass Communication
1347,1356,Bachelor of Business Administration (BBA),2,Business and Commerce
1348,1357,Bachelor in computer Application(BCA),2,Business and Commerce
1349,1358,Bachelor of Commerce (B.Com),2,Business and Commerce
1350,1359,B.Sc in Agriculture,2,Business and Commerce
1351,1360,B.Sc in Horticulture,2,Business and Commerce
1352,1361,B.Sc in Forestry,2,Business and Commerce
1353,1362,PGDM SAP,2,Business and Commerce
1354,1363,B.Sc in Agriculture,2,Business and Commerce
1355,1364,B.Sc in Forestry,6,Medical
1356,1365,B.Sc in Bio-Tech (CBZ),6,Medical
1357,1366,M.Sc in Bio-Tech,6,Medical
1358,1367,M.Sc in Microbiology,2,Business and Commerce
1359,1368,M.Sc in Physics,6,Medical
1360,1369,M.Sc in Chemistry,6,Medical
1361,1370,M.Sc in Mathematics,6,Medical
1362,1371,M.sc in Environmental Science,6,Medical
1363,1372,M.sc in Agricuture (Agronomy),6,Medical
1364,1373,M.Sc in Zoology,6,Medical
1365,1374,M.Sc in Botany,6,Medical
1366,1375,Bachelor of Hotel Management (BHM),6,Medical
1367,1376,Certification Course in Hotel Management,6,Medical
1368,1377,Certification Course in Hotel Management (HM),6,Medical
1369,1378,Bachelor of Business Administration (BBA),6,Medical
1370,1379,Bachelor in computer Application(BCA),6,Medical
1371,1380,Bachelor of Commerce (B.Com),10,Hospitality and Tourism Management
1372,1381,B.Sc in (IT),10,Hospitality and Tourism Management
1373,1382,Diploma in Mechanical Engineering(Production),10,Hospitality and Tourism Management
1374,1383,Diploma in Mechanical Engineering(Automobile),2,Business and Commerce
1375,1384,Diploma in Civil Engineering,2,Business and Commerce
1376,1385,Aircraft Maintenance Engineering,2,Business and Commerce
1377,1386,Diploma in Pharmacy (D.Pharma),1,Engineering and Technology
1378,1387,Diploma in Fashion Design,1,Engineering and Technology
1379,1388,Diploma in Apparel Merchandising,1,Engineering and Technology
1380,1389,Diploma in Retail Management,1,Engineering and Technology
1381,1390,Diploma in Textile Design,1,Engineering and Technology
1382,1391,Diploma in Cutting & Tailoring,5,Pharmacy
1383,1392,Diploma in Pattern Making,7,Design Fashion and Animation
1384,1393,B.Sc in Fashion Design,7,Design Fashion and Animation
1385,1394,B.Sc in Intering Design,7,Design Fashion and Animation
1386,1395,B.Sc in Cosmetology,7,Design Fashion and Animation
1387,1396,M.Sc in Fashion Design,7,Design Fashion and Animation
1388,1397,M.Sc in Interion Design,7,Design Fashion and Animation
1389,1398,M.Sc in Cosmetology,7,Design Fashion and Animation
1390,1399,MBA in Fashion Design,7,Design Fashion and Animation
1391,1400,MBA in Interior Design,7,Design Fashion and Animation
1392,1401,MBA in Cosmetoloy,7,Design Fashion and Animation
1393,1402,MBA in Retail Management,7,Design Fashion and Animation
1394,1403,Diploma in Mechanical Engineering,7,Design Fashion and Animation
1395,1404,Diploma in Electrical & Electronics Engineering,7,Design Fashion and Animation
1396,1405,B.Tech in Computer Science Engineeirng,7,Design Fashion and Animation
1397,1406,B.Tech in Mechanical Engineeirng,7,Design Fashion and Animation
1398,1407,B.Tech in Electrical & Electronics Engineering,7,Design Fashion and Animation
1399,1408,B.Tech in Electronics and Communication Engineering,1,Engineering and Technology
1400,1409,B.tech in Civil Engineering,1,Engineering and Technology
1401,1410,M.Tech (All Streams),1,Engineering and Technology
1402,1411,Bachelor of Business Administration (BBA),1,Engineering and Technology
1403,1412,Master of Business Administration (MBA),1,Engineering and Technology
1404,1413,Bachelor in computer Application(BCA),1,Engineering and Technology
1405,1414,Master in computer application (MCA),1,Engineering and Technology
1406,1415,B.Sc in Agriculture,1,Engineering and Technology
1407,1416,B.Sc in Forestry,2,Business and Commerce
1408,1417,B.Tech in Lateral Entry (All Branches),2,Business and Commerce
1409,1418,B.Tech in Computer Science Engineering(CSE),2,Business and Commerce
1410,1419,B.Tech in Mechanical Engineering(ME),2,Business and Commerce
1411,1420,B.Tech in Electrical and Electronics Engineering(EEE),6,Medical
1412,1421,B.Tech in Civil Engineering(CE),6,Medical
1413,1422,B.Tech in Electronics and Communication Engineering(EC),1,Engineering and Technology
1414,1423,B.Tech in Lateral Entry (All Branches),1,Engineering and Technology
1415,1424,Diploma in Mechanical Engineering,1,Engineering and Technology
1416,1425,Diploma in Electronics Engineering,1,Engineering and Technology
1417,1426,"Diploma in Electrical Engineering 
",1,Engineering and Technology
1418,1427,Diploma in Civil Engineering,1,Engineering and Technology
1419,1428,M.Tech in Computer science Engineering,1,Engineering and Technology
1420,1429,M.Tech in Electrical and Electronics Engineering,1,Engineering and Technology
1421,1430,M.Tech in Thermal Engineering,1,Engineering and Technology
1422,1431,M.Tech in Software Engineering,1,Engineering and Technology
1423,1432,M.Tech in VLSI Engineering,1,Engineering and Technology
1424,1433,Bachelor of Architecture (B.Arch),1,Engineering and Technology
1425,1434,Bachelor of Pharmacy (B.Pharma),1,Engineering and Technology
1426,1435,Master of Pharmacy (M.Pharma),1,Engineering and Technology
1427,1436,Bachelor of Hotel Management and Catering Technology,1,Engineering and Technology
1428,1437,Diploma in Food Production,1,Engineering and Technology
1429,1438,Diploma in Bakery & Confectionery,7,Design Fashion and Animation
1430,1439,Diploma in Food & Beverage Service,5,Pharmacy
1431,1440,Diploma in Front Office Operation,5,Pharmacy
1432,1441,Bachelor of Arts + Bachelor of Law (B.A. LL.B) - Integrated,10,Hospitality and Tourism Management
1433,1442,Bachelor of Law (LL.B),10,Hospitality and Tourism Management
1434,1443,Bachelor of Business Administration (BBA),10,Hospitality and Tourism Management
1435,1444,Master of Business Administration (MBA),10,Hospitality and Tourism Management
1436,1445,Bachelor in computer Application(BCA),10,Hospitality and Tourism Management
1437,1446,Master in computer application (MCA),3,Law
1438,1447,Diploma in IIHM,3,Law
1439,1448,Bachelor of Commerce (B.Com),2,Business and Commerce
,,,,
,,,,
,,,,
,,,,
,,,,
,,,,
,,,,
,,,,
,,,,
,,,,
,,,,
,,,,
,,,,
,,,,
,,,,
,,,,
,,,,
,,,,
,,,,
,,,,
,,,,
,,,,
,,,,
,,,,
,,,,
,,,,
,,,,
,,,,
,,,,
,,,,
,,,,
,,,,
,,,,
,,,,
,,,,
,,,,
,,,,
,,,,
,,,,
,,,,
,,,,
,,,,
,,,,
,,,,
,,,,
,,,,
,,,,
,,,,
,,,,
,,,,
,,,,
,,,,
,,,,
,,,,
,,,,
,,,,
,,,,
,,,,
,,,,
,,,,
,,,,
,,,,
,,,,
,,,,
,,,,
,,,,
,,,,
,,,,
,,,,
,,,,
,,,,
,,,,
,,,,
,,,,
,,,,
,,,,
,,,,
,,,,
,,,,
,,,,
,,,,
,,,,
,,,,
,,,,
,,,,
,,,,
,,,,
,,,,
,,,,
,,,,
,,,,
,,,,
,,,,
,,,,
,,,,
,,,,
,,,,
,,,,
,,,,
,,,,
,,,,
,,,,
,,,,
,,,,
,,,,
,,,,
,,,,
,,,,
,,,,
,,,,
,,,,
,,,,
,,,,
,,,,
,,,,
,,,,
,,,,
,,,,
,,,,
,,,,
,,,,
,,,,
,,,,
,,,,
,,,,
,,,,
,,,,
,,,,
,,,,
,,,,
,,,,
,,,,
,,,,
,,,,
,,,,
,,,,
,,,,
,,,,
,,,,
,,,,
,,,,
,,,,
,,,,
,,,,
,,,,
,,,,
,,,,
,,,,
,,,,
,,,,
,,,,
,,,,
,,,,
,,,,
,,,,
,,,,
,,,,
,,,,
,,,,
,,,,
,,,,
,,,,
,,,,
,,,,
,,,,
,,,,
,,,,
,,,,
,,,,
,,,,
,,,,
,,,,
,,,,
,,,,
,,,,
,,,,
,,,,
,,,,
,,,,
,,,,
,,,,
,,,,
,,,,
,,,,
,,,,
,,,,
,,,,
,,,,
,,,,
,,,,
,,,,
,,,,
,,,,
,,,,
,,,,
,,,,
,,,,
,,,,
,,,,
,,,,
,,,,
,,,,
,,,,
,,,,
,,,,
,,,,
,,,,
,,,,
,,,,
,,,,
,,,,
,,,,
,,,,
,,,,
,,,,
,,,,
,,,,
,,,,
,,,,
,,,,
,,,,
,,,,
,,,,
,,,,
,,,,
,,,,
,,,,
,,,,
,,,,
,,,,
,,,,
,,,,
,,,,
,,,,
,,,,
,,,,
,,,,
,,,,
,,,,
,,,,
,,,,
,,,,
,,,,
,,,,
,,,,
,,,,
,,,,
,,,,
,,,,
,,,,
,,,,
,,,,
,,,,
,,,,
,,,,
,,,,
,,,,
,,,,
,,,,
,,,,
,,,,
,,,,
,,,,
,,,,
,,,,
,,,,
,,,,
,,,,
,,,,
,,,,
,,,,
,,,,
,,,,
,,,,
,,,,
,,,,
,,,,
,,,,
,,,,
,,,,
,,,,
,,,,
,,,,
,,,,
,,,,
,,,,
,,,,
,,,,
,,,,
,,,,
,,,,
,,,,
,,,,
,,,,
,,,,
,,,,
,,,,
,,,,
,,,,
,,,,
,,,,
,,,,
,,,,
,,,,
,,,,
,,,,
,,,,
,,,,
,,,,
,,,,
,,,,
,,,,
,,,,
,,,,
,,,,
,,,,
,,,,
,,,,
,,,,
,,,,
,,,,
,,,,
,,,,
,,,,
,,,,
,,,,
,,,,
,,,,
,,,,
,,,,
,,,,
,,,,
,,,,
,,,,
,,,,
,,,,
,,,,
,,,,
,,,,
,,,,
,,,,
,,,,
,,,,
,,,,
,,,,
,,,,
,,,,
,,,,
,,,,
,,,,
,,,,
,,,,
,,,,
,,,,
,,,,
,,,,
,,,,
,,,,
,,,,
,,,,
,,,,
,,,,
,,,,
,,,,
,,,,
,,,,
,,,,
,,,,
,,,,
,,,,
,,,,
,,,,
,,,,
,,,,
,,,,
,,,,
,,,,
,,,,
,,,,
,,,,
,,,,
,,,,
,,,,
,,,,
,,,,
,,,,
,,,,
,,,,
,,,,
,,,,
,,,,
,,,,
,,,,
,,,,
,,,,
,,,,
,,,,
,,,,
,,,,
,,,,
,,,,
,,,,
,,,,
,,,,
,,,,
,,,,
,,,,
,,,,
,,,,
,,,,
,,,,
,,,,
,,,,
,,,,
,,,,
,,,,
,,,,
,,,,
,,,,
,,,,
,,,,
,,,,
,,,,
,,,,
,,,,
,,,,
,,,,
,,,,
,,,,
,,,,
,,,,
,,,,
,,,,
,,,,
,,,,
,,,,
,,,,
,,,,
,,,,
,,,,
,,,,
,,,,
,,,,
,,,,
,,,,
,,,,
,,,,
,,,,
,,,,
,,,,
,,,,
,,,,
,,,,
,,,,
,,,,
,,,,
,,,,
,,,,
,,,,
,,,,
,,,,
,,,,
,,,,
,,,,
,1913,,,
,1914,,,
,1915,,,
,1916,,,
,1917,,,
,1918,,,
,1919,,,
,1920,,,
,1921,,,
,1922,,,
,1923,,,
,1924,,,
,1925,,,
,1926,,,
,1927,,,
,1928,,,
,1929,,,
,1930,,,
,1931,,,
,1932,,,
,1933,,,
,1934,,,
,1935,,,
,1936,,,
,1937,,,
,1938,,,
,1939,,,
,1940,,,
,1941,,,
,1942,,,
,1943,,,
,1944,,,
,1945,,,
,1946,,,
,1947,,,
,1948,,,
,1949,,,
,1950,,,
,1951,,,
,1952,,,
,1953,,,
,1954,,,
,1955,,,
,1956,,,
,1957,,,
,1958,,,
,1959,,,
,1960,,,
,1961,,,
,1962,,,
,1963,,,
,1964,,,
,1965,,,
,1966,,,
,1967,,,
,1968,,,
,1969,,,
,1970,,,
,1971,,,
,1972,,,
,1973,,,
,1974,,,
,1975,,,
,1976,,,
,1977,,,
,1978,,,
,1979,,,
,1980,,,
,1981,,,
,1982,,,
,1983,,,
,1984,,,
,1985,,,
,1986,,,
,1987,,,
,1988,,,
,1989,,,
,1990,,,
,1991,,,
,1992,,,
,1993,,,
,1994,,,
,1995,,,
,1996,,,
,1997,,,
,1998,,,
,1999,,,
,2000,,,
,2001,,,
,2002,,,
,2003,,,
,2004,,,
,2005,,,
,2006,,,
,2007,,,
,2008,,,
,2009,,,
,2010,,,
,2011,,,
,2012,,,
,2013,,,
,2014,,,
,2015,,,
,2016,,,
,2017,,,
,2018,,,
,2019,,,
,2020,,,
,2021,,,
,2022,,,
,2023,,,
,2024,,,
,2025,,,
,2026,,,
,2027,,,
,2028,,,
,2029,,,
,2030,,,
,2031,,,
,2032,,,
,2033,,,
,2034,,,
,2035,,,
,2036,,,
,2037,,,
,2038,,,
,2039,,,
,2040,,,
,2041,,,
,2042,,,
,2043,,,
,2044,,,
,2045,,,
,2046,,,
,2047,,,
,2048,,,
,2049,,,
,2050,,,
,2051,,,
,2052,,,
,2053,,,
,2054,,,
,2055,,,
,2056,,,
,2057,,,
,2058,,,
,2059,,,
,2060,,,
,2061,,,
,2062,,,
,2063,,,
,2064,,,
,2065,,,
,2066,,,
,2067,,,
,2068,,,
,2069,,,
,2070,,,
,2071,,,
,2072,,,
,2073,,,
