Nos,ID,Course Name,Stream ID,Stream Name
95,11,B.Tech in Computer Science Engineering,1,Engineering and Technology
1393,12,B.Tech in Mechanical Engineering,1,Engineering and Technology
1332,13,B.Tech in Civil Engineering,1,Engineering and Technology
100,14,B.Tech in Elecrical Engineering,1,Engineering and Technology
497,15,B.Tech in Electronics and Communication,1,Engineering and Technology
423,16,B.Tech in Fire Technology and Safety Engineering,1,Engineering and Technology
706,17,B.Tech (LEET) in Computer Science Engineering,1,Engineering and Technology
1109,18,B.Tech (LEET) in Mechanical Engineering,1,Engineering and Technology
1296,19,B.Tech (LEET) in Civil Engineering,1,Engineering and Technology
1297,20,B.Tech (LEET) in Elecrical Engineering,1,Engineering and Technology
1138,21,B.Tech (LEET) in Electronics and Communication,1,Engineering and Technology
1147,22,M.tech in Computer Science Engineering,1,Engineering and Technology
1160,23,M.tech in Civil Engineering,1,Engineering and Technology
1170,24,M.tech in Electronics and Communication Engineering,1,Engineering and Technology
1187,25,M.tech in Electrical Engineering,1,Engineering and Technology
651,26,M.Tech in Renewable Energy Engineering,1,Engineering and Technology
121,27,Diploma(Dual Program)- B.Tech Mechanical Engineering,1,Engineering and Technology
294,28,Diploma(Dual Program)-B.Tech Civil Engineering,1,Engineering and Technology
1106,29,Diploma(Dual Program)-B.Tech Electrical Engineering,1,Engineering and Technology
124,30,Diploma(Dual Program)-B.Tech Electronics and communication,1,Engineering and Technology
840,31,Diploma(Dual Program)-B.Tech Computer Science Engineering,1,Engineering and Technology
841,32,Diploma(Dual Program)-B.Tech Automobile Engineering,1,Engineering and Technology
839,33,Diploma in Fire Technology and Safe Engg.,1,Engineering and Technology
832,34,Diploma in Cyber Forensic and Information,1,Engineering and Technology
830,35,Diploma in Mechanical Engineering-Steel,1,Engineering and Technology
1085,36,Diploma in Metallurgical Engineering,1,Engineering and Technology
831,37,Diploma in Automobile,1,Engineering and Technology
243,38,Diploma (LEET) in Fire Technology and Safe Engg.,1,Engineering and Technology
654,39,Diploma (LEET) in Cyber Forensic and Information,1,Engineering and Technology
228,40,Diploma (LEET) in Mechanical Engineering-Steel,1,Engineering and Technology
227,41,Diploma (LEET) in Metallurgical Engineering,1,Engineering and Technology
1062,42,Diploma (LEET) in Automobile,1,Engineering and Technology
120,43,Polytechnic diploma in Civil Engineering,1,Engineering and Technology
102,44,Polytechnic diploma in Computer Science Engineering,1,Engineering and Technology
198,45,Polytechnic diploma in Mechanical Engineering,1,Engineering and Technology
201,46,Polytechnic diploma in Electrical Engineering,1,Engineering and Technology
547,47,Polytechnic diploma in Electronics & Communication,1,Engineering and Technology
467,48,Diploma in (LEET)Civil Engineering,1,Engineering and Technology
857,49,Diploma in (LEET)Computer Science Engineering,1,Engineering and Technology
548,50,Diploma in (LEET)Mechanical Engineering,1,Engineering and Technology
468,51,Diploma in (LEET)Electrical Engineering,1,Engineering and Technology
92,52,Diploma in (LEET)Electronics & Communication,1,Engineering and Technology
874,53,ITI in Desiel Mechanic,1,Engineering and Technology
851,54,ITI in Electrician,1,Engineering and Technology
541,55,ITI in Refrigiration and Air Conditioning,1,Engineering and Technology
542,56,ITI in Fashion Design,7,Design Fashion and Animation
853,57,MBA in HRM,2,Business and Commerce
212,58,MBA in Finance,2,Business and Commerce
213,59,MBA in Marketing,2,Business and Commerce
210,60,MBA in Logistics & Supply Chain Management,2,Business and Commerce
214,61,MBA in Food & Beverage Managemen,2,Business and Commerce
211,62,MBA in Digital and Social Media Marketing,2,Business and Commerce
209,63,MBA in International Business,2,Business and Commerce
202,64,"MBA in Banking ,Insurance and Financial Services",2,Business and Commerce
207,65,MBA in Business Analytics,2,Business and Commerce
208,66,MBA in Sales & Retail Management,2,Business and Commerce
204,67,MBA in E- Business,2,Business and Commerce
205,68,MBA in Pharmaceutical Management,2,Business and Commerce
206,69,MBA in Family Business Management & Entrepreneurship,2,Business and Commerce
203,70,Bachelor of Business Administration,2,Business and Commerce
701,71,Sales &Retail Marketing,2,Business and Commerce
196,72,Foreign Trade,2,Business and Commerce
169,73,Banking and Insurance,2,Business and Commerce
168,74,Digital and Social Media Marketing,2,Business and Commerce
164,75,Tourism & Hospitality Management,2,Business and Commerce
766,76,Logistics & Supply Chain Management,2,Business and Commerce
162,77,E -Commerce,2,Business and Commerce
474,78,Family Business Management & Entrepreneurship,2,Business and Commerce
549,79,Finace and Accounting,2,Business and Commerce
550,80,Dual Programme in BBA-MBA Financial Market Practices in collaboration with NSE,2,Business and Commerce
126,81,Diploma in Hospital Administration,2,Business and Commerce
803,82,M.com,2,Business and Commerce
309,83,M.com (Hons) with specialization in Financial Market Practices in collaboration with NSE,2,Business and Commerce
761,84,Bachelor of commerce,2,Business and Commerce
804,85,B.COM in  Banking & Insurance,2,Business and Commerce
878,86,B.COM in Computer Applications,2,Business and Commerce
247,87,B.COM in Advanced Cost and Management Accounting,2,Business and Commerce
246,88,B.COM in Financial Market Practices in collaboration with NSE,2,Business and Commerce
307,89,B.COM in Tourism & Hospitality Management,2,Business and Commerce
308,90,B.COM in E -Commerce,2,Business and Commerce
765,91,B.COM in Foreign Trade,2,Business and Commerce
1041,92,B.COM in Auditing &Taxation,2,Business and Commerce
405,93,Dual Programme B.Com.-MBA,2,Business and Commerce
404,94,B.A. - L.L.B. with specialization in Criminal Law/ Labour Law/Constitution Law,3,Law
406,95,BBA-LLB *with specialization in Corporate Law/ Internation Trade /Finacial Management/Financial accounting,3,Law
113,96,BCOM-LLB *with specialization in Taxation Law/E-Commerece/Corporate Accounting,3,Law
563,97,L.L.M. Human Rights/Criminal Law/Family Law/Constitutional Law/Intellectual Property Right/Business Law/Internation Economics Law,3,Law
1045,98,L.L.B. Bachelor of Laws with specialization in Criminal Law/ Labour Law/Constitution Law,3,Law
1046,99,MCA,9,Computer Application
1040,100,MCA (LEET),9,Computer Application
628,101,M.Sc. Computer Science,9,Computer Application
629,102,BCA,9,Computer Application
627,103,BCA (Leet),9,Computer Application
1044,104,B.Sc. Information Technology,9,Computer Application
493,105,B.sc Computer Science,9,Computer Application
1389,106,Dual Programme BCA-MCA,9,Computer Application
879,107,DCA Diploma in computer application ,9,Computer Application
1352,108,PGDCA Post Graduate Diploma in Computer Application,9,Computer Application
1367,109,M.A. Education,4,Education
1371,110,M. Ed. Master of Education,4,Education
1423,111,B.Sc.- B.Ed.,4,Education
711,112,B.A. - B.Ed.,4,Education
416,113,B. ED. Bachelor of Education,4,Education
491,114,E.T.T. Elementary Teacher Training,4,Education
218,115,M.Pharma Ayurvedic,5,Pharmacy
768,116,B. Pharma Bachelor of Pharmacy (Ayurvedic),5,Pharmacy
1373,117,D. Pharma Diploma in Pharmacy,5,Pharmacy
880,118,B.Pharma(LEET) Bachelor of Pharmacy (Ayurvedic) ,5,Pharmacy
1000,119,Msc. In Physics with spacialization in Material Science/Nano Technology/Electronics,6,Medical
791,120,Msc. In Physics by Research,6,Medical
418,121,Msc. In Chemistry by Research,6,Medical
490,122,Msc. In Botany,6,Medical
1354,123,Msc. In Botany by Research,6,Medical
181,124,Msc. In Zoology with specialization in Entomology/Molecular Biology/Fishery,6,Medical
1403,125,Msc. In Zoology by Research,6,Medical
245,126,Msc. In Microbiology,6,Medical
178,127,Msc. In Microbiology by Research,6,Medical
157,128,Msc. In Mathematics with specialization in Pure / Applied/Statistics,6,Medical
561,129,Msc. In Mathematics by Research,6,Medical
1401,130,Msc. In Bio Technology,6,Medical
1123,131,Msc. In Bio Technology By Research,6,Medical
769,132,Msc. In Bio- Chemistry,6,Medical
1355,133,Msc. In Bio- Chemistry By Research,6,Medical
1351,134,Msc. In Cyber Security and Forensic,6,Medical
1369,135,Msc. In Digital Forensics and Information Security,6,Medical
1372,136,Msc. In Forensic Sciences with specialization in Forensic Chemistry/Forensic Biology/ Questioned Document,6,Medical
1424,137,BSc. (Hons) Microbiology,6,Medical
1368,138,BSc. (Hons) Physics,6,Medical
244,139,BSc. (Hons) Chemistry,6,Medical
1027,140,BSc. (Hons) Zoology,6,Medical
1402,141,BSc. (Hons) Forensic Sciences,6,Medical
562,142,BSc. (Hons) Cyber Security and Computer Forensic,6,Medical
770,143,BSc. (Hons) Bio Chemistry,6,Medical
155,144,BSc. (Hons) Bio Technology,6,Medical
419,145,BSc. (Hons) Mathematics,6,Medical
180,146,BSc. (Hons) Business Analytics in Collaboration with IBM,6,Medical
156,147,B.Sc In Medical,6,Medical
494,148,"B.Sc In Non- Medical (With following combinations 1.(Physics,Chemistry,Mathematics) 2(Physics,Mathematics,Electronics) 3.(Physics,Mathematics,Computer Science) .",6,Medical
179,149,B.Sc In Electronics,6,Medical
177,150,PG Diploma Cyber Security and Forensic,6,Medical
710,151,PG Diploma Forensic Management,6,Medical
709,152,PG Diploma Forensic Odontology,6,Medical
1353,153,PG DiplomaForensic Document Examination,6,Medical
417,154,B.P.T. Bachelor of Physiotherapy,6,Medical
492,155,M.P.T. With specialization in Orthopaedics/Neurosciences/ Cardiopulmonary Science,6,Medical
182,156,B.O.T Bachelor of Occupational Therapy,6,Medical
420,157,M.O.T Masters of Occupational Therapy,6,Medical
1122,158,M.Sc.(M.L.T.) in Clinical Microbiology,6,Medical
1350,159,M.Sc.(M.L.T.) in Clinical Biochemistry,6,Medical
785,160,B.M.L.T. in Bachelor of Medical Lab Technology,6,Medical
786,161,B.M.L.T. (LEET) in Bachelor of Medical Lab Technology,6,Medical
403,162,Dual Programme in DMLT-B.Sc.(Medical Lab.Technology),6,Medical
193,163,D.M.L.T. in Diploma in Medical Lab.Technology(DMLT),6,Medical
1108,164,M.Sc in Operation Theatre & Anaesthesia Technology,6,Medical
399,165,M.Sc in Radiology and Imaging Technology,6,Medical
305,166,M.Sc in Dialysis Technology,6,Medical
322,167,M.Sc in Optometry,6,Medical
637,168,M.Sc in Clinical Research,6,Medical
634,169,B.Sc in Optometry,6,Medical
631,170,B.Sc in Dialysis Technology,6,Medical
635,171,B.Sc in Operation Theatre & Anaesthesia Technology,6,Medical
632,172,B.Sc in Medical Record Technology,6,Medical
633,173,B.Sc in Clinical Research & Healthcare Management,6,Medical
636,174,B.Sc in Radiology and Imaging Technology,6,Medical
630,175,Certificate in X-Ray Technician,6,Medical
478,176,Certificate in Dialysis Technician,6,Medical
306,177,Certificate in Operation Theater Technician,6,Medical
479,178,Certificate in Patient Care,6,Medical
480,179,Certificate in Ophthalmic Assistant,6,Medical
321,180,Diploma in Operation Theatre & Anaesthesia Technology,6,Medical
314,181,Diploma in Dialysis Technology,6,Medical
298,182,Diploma in Radiology and Imaging Technology,6,Medical
313,183,Diploma in Ophthalmic Technology,6,Medical
476,184,Diploma in Dental Mechanics,6,Medical
775,185,B.Sc Nursing,6,Medical
577,186,General Nursing & Midwifery,6,Medical
316,187,M. Lib Master of Library and Information Science,6,Medical
580,188,B.Lib Bachelor of Library and Information Sciences,6,Medical
778,189,M.A. Journalism & Mass Communication,8,Mass Communication
579,190,B.A. Journalism & Mass Communication,8,Mass Communication
777,191,Diploma Video Production,8,Mass Communication
774,192,M.A. Music and Dance,8,Mass Communication
112,193,B.A. Music and Dance,8,Mass Communication
576,194,B.Design/ B.sc in,7,Design Fashion and Animation
578,195,B.Design/ B.sc in Interior Design,7,Design Fashion and Animation
495,196,B.Design/ B.sc in Fashion Design,7,Design Fashion and Animation
585,197,B.Design/ B.sc in Film & Video,7,Design Fashion and Animation
776,198,B.Design/ B.sc in Graphic Communication Design,7,Design Fashion and Animation
303,199,B.Design/ B.sc in Animation and Game Design,7,Design Fashion and Animation
304,200,B.Design/ B.sc in Fashion Communication,7,Design Fashion and Animation
119,201,B.DESIGN/ B.SC (LEET) in Interior Design,7,Design Fashion and Animation
564,202,B.DESIGN/ B.SC (LEET) in Fashion Design,7,Design Fashion and Animation
889,203,B.DESIGN/ B.SC (LEET) in Graphic Communication Design,7,Design Fashion and Animation
1336,204,B.DESIGN/ B.SC (LEET) in Animation and Multimedia,7,Design Fashion and Animation
922,205,B.DESIGN/ B.SC (LEET) in Fashion Communication,7,Design Fashion and Animation
929,206,B.DESIGN/ B.SC (LEET) in Film & Video,7,Design Fashion and Animation
924,207,M.DESIGN in Interior Design with specialization in Space/Exhibition,7,Design Fashion and Animation
931,208,M.DESIGN in Animation and Multimedia,7,Design Fashion and Animation
932,209,M.DESIGN in Communication Design,7,Design Fashion and Animation
921,210,B.SC in Animation and Multimedia,7,Design Fashion and Animation
928,211,M.SC in Animation and Multimedia,7,Design Fashion and Animation
983,212,MFA in Applied Arts (Graphics),7,Design Fashion and Animation
995,213,MFA in Creative Painting,7,Design Fashion and Animation
1005,214,MFA in Art Education,7,Design Fashion and Animation
933,215,MFA in Digital Drawing and Illustration,7,Design Fashion and Animation
890,216,BFA in Applied Arts (Graphics),7,Design Fashion and Animation
1098,217,BFA in Creative Painting,7,Design Fashion and Animation
1337,218,BFA in Digital Drawing and Illustration,7,Design Fashion and Animation
284,219,B.A in Resource Management and Design Application,7,Design Fashion and Animation
27,220,B.A in Fine Arts,7,Design Fashion and Animation
283,221,Diploma in Interior Design,7,Design Fashion and Animation
519,222,Diploma in fashion Design,7,Design Fashion and Animation
25,223,Diploma in Garment Design and Fashion Technology,7,Design Fashion and Animation
281,224,Diploma in Textile Designing,7,Design Fashion and Animation
517,225,Diploma in Commercial Art,7,Design Fashion and Animation
28,226,Diploma in Art Teacher,4,Education
520,227,Diploma in 3 -D Animation and Graphics,7,Design Fashion and Animation
282,228,Dual Programe in Diploma in Interior Design-B.Design(Interior),7,Design Fashion and Animation
286,229,Dual Programe in Diploma in Fashion Design-B.Design(Fashion),7,Design Fashion and Animation
29,230,Bachelor of Architecture,7,Design Fashion and Animation
285,231,Post Graduate- Geo Informatics,7,Design Fashion and Animation
521,232,Diploma-Architecture Assistantship,7,Design Fashion and Animation
26,233,Dual- Diploma in Architecture,7,Design Fashion and Animation
287,234,Dual Programme- Diploma in Architecture Assistantship-B.Tech (Civil Engg.),7,Design Fashion and Animation
518,235,B.A (Hons)- Built Environment Studies,4,Education
923,236,B.SC in Hospitality and Hotel Administration,10,Hospitality and Tourism Management
930,237,B.SC in Culinary Arts,10,Hospitality and Tourism Management
1125,238,B.SC (LEET) in Hospitality and Hotel Administration,10,Hospitality and Tourism Management
1185,239,B.SC (LEET) in Culinary Arts,10,Hospitality and Tourism Management
1126,240,Certificate in Bakery & Confectionary,10,Hospitality and Tourism Management
1137,241,Certificate in Food Production,10,Hospitality and Tourism Management
1148,242,Certificate in Food and Beverage Service,10,Hospitality and Tourism Management
1159,243,Diploma in Bakery & Confectionary,10,Hospitality and Tourism Management
1186,244,Diploma in Food Production,10,Hospitality and Tourism Management
340,245,Diploma in Hotel Management and Catering Technology,10,Hospitality and Tourism Management
348,246,M.SC In Hospitality and Hotel Administration,10,Hospitality and Tourism Management
1065,247,M.SC In Hotel Management,10,Hospitality and Tourism Management
341,248,M.SC In PG Diploma in Culinary Arts,10,Hospitality and Tourism Management
346,249,M.SC In Dual Programme Diploma-B.Sc.(Hospitality and Hotel Administration),10,Hospitality and Tourism Management
608,250,Bachelor in Computer applications (BCA),9,Computer Application
1219,251,Bachelor in business administration (BBA),2,Business and Commerce
1239,252,Post graduate in diploma management(PGDM),2,Business and Commerce
270,253,MBA,2,Business and Commerce
347,254,B.Tech in Computer Science Engineering,1,Engineering and Technology
357,255,B.Tech in Civil Engineering,1,Engineering and Technology
1198,256,B.Tech in Elecrical Engineering,1,Engineering and Technology
1240,257,B.Tech in Electronics and Communication,1,Engineering and Technology
610,258,Masters of Business Administration MBA,2,Business and Commerce
342,259,Masters of Technology M.Tech,1,Engineering and Technology
1196,260,B.Tech in Computer Science Engineering,1,Engineering and Technology
343,261,B.Tech in Electrical Engineering,1,Engineering and Technology
1070,262,B.Tech in Civil Engineering,1,Engineering and Technology
21,263,B.Tech in Bio Technology,1,Engineering and Technology
262,264,B.Tech in Electronics and Communication,1,Engineering and Technology
269,265,B.Tech in Electrical Engineering,1,Engineering and Technology
605,266,B.Tech in Mechanical Engineering,1,Engineering and Technology
867,267,M.Tech in Computer Science Engineering,1,Engineering and Technology
902,268,M.tech in Electrical Engineering,1,Engineering and Technology
913,269,M.Tech in Structural Engineering,1,Engineering and Technology
945,270,M.Tech in Bio Technology,1,Engineering and Technology
964,271,M.Tech in Electronics and Communication,1,Engineering and Technology
981,272,M.Tech in Enviromental Engineering,1,Engineering and Technology
993,273,M.Tech in Manufacturing Systems,1,Engineering and Technology
1002,274,B.Tech (LEET) in Computer Science Engineering,1,Engineering and Technology
1012,275,B.Tech (LEET) in Electrical Engineering,1,Engineering and Technology
1082,276,B.Tech (LEET) in Civil Engineering,1,Engineering and Technology
1094,277,B.Tech (LEET) in Bio Technology,1,Engineering and Technology
1211,278,B.Tech (LEET) in Electronics and Communication,1,Engineering and Technology
1216,279,B.Tech (LEET) in Electrical Engineering,1,Engineering and Technology
1230,280,B.Tech (LEET) in Mechanical Engineering,1,Engineering and Technology
1241,281,Bachelor of Business Administration,2,Business and Commerce
1316,282,Bachelor of Commerce (Hons),2,Business and Commerce
1417,283,MBA Dual Specialisation Finance Mgt. / HR Management/ International Business/ Information Tech./ Marketing Mgt. Hospital Mgt. / Hospitality Mgt. / Retail Management,2,Business and Commerce
1116,284,Diploma in Business Management,2,Business and Commerce
1317,285,BA-LLB B.Com-LLB BBA-LLB,3,Law
1429,286,LLM,3,Law
339,287,B. Pharm,5,Pharmacy
1067,288,Pharm. D,5,Pharmacy
602,289,Pharm. D (Post Baccalaureate),5,Pharmacy
1172,290,M. Pharm,5,Pharmacy
1210,291,B.Sc. (NURSING),6,Medical
1309,292,Post Basic B.Sc. (NURSING),6,Medical
1113,293,M.Sc. Nursing,6,Medical
1310,294,BPT,6,Medical
943,295,MPT,6,Medical
960,296,B.SC.(Medical),6,Medical
980,297,B.SC.(Non-Medical),6,Medical
992,298,B.SC. (Bio-Tech),6,Medical
1001,299,B.SC. (Hons.) Chemistry,6,Medical
1011,300,B.SC (Radiography & Imaging Technology),6,Medical
1081,301,B.SC (Radiotherapy),6,Medical
1093,302,B.SC (Audiology & Speech Language Pathology-BASLP),6,Medical
1229,303,M.Sc (Medical),6,Medical
1237,304,M.SC,6,Medical
1413,305,M.SC Chemistry (Hons.),6,Medical
11,306,B.Sc. (Operation Theater Tech. ),6,Medical
19,307,B.Sc. (Medical Lab Tech.),6,Medical
261,308,Bachelor of Optometry,6,Medical
267,309,B.Sc. Cardiovascular Technology,6,Medical
864,310,DMLT,6,Medical
903,311,M.Sc. (Operation Theater Tech.),6,Medical
912,312,M.Sc. (Medical Lab Tech.),6,Medical
1426,313,BHM & CT,10,Hospitality and Tourism Management
1073,314,B.Sc. (Hospitality & Catering Management Home Science),10,Hospitality and Tourism Management
356,315,B.Sc. (Food Science & Technology),10,Hospitality and Tourism Management
22,316,M.Sc. (Dietetics & Nutrition),10,Hospitality and Tourism Management
263,317,"Diploma Courses - Airlines, Tourism & Hospitality Management - Bakery and Confectionery - Food Production - Room Division Management - Health & Fitness Nutrition",10,Hospitality and Tourism Management
603,318,Diploma in Mechanical,1,Engineering and Technology
338,319,Diploma in Electrical,1,Engineering and Technology
1072,320,Diploma in Computer,9,Computer Application
601,321,Diploma in Aeronautical,1,Engineering and Technology
1313,322,Diploma in Architectural Assistanship,1,Engineering and Technology
1415,323,Diploma in Chemical,1,Engineering and Technology
982,324,Diploma in Civil,1,Engineering and Technology
1003,325,Diploma in Electronis and Communication,1,Engineering and Technology
1151,326,Diploma in Infofmation and technology,1,Engineering and Technology
1428,327,Diploma in Automobile,1,Engineering and Technology
268,328,Diploma in Bio-Medical,1,Engineering and Technology
272,329,Diploma in Agricultural,1,Engineering and Technology
600,330,B.Tech in Mechanical,1,Engineering and Technology
865,331,B.Tech in Electrical,1,Engineering and Technology
947,332,B.Tech in Computer Science,1,Engineering and Technology
1097,333,B.Tech in Aeronautical,1,Engineering and Technology
1136,334,B.Tech in Architectural Assistanship,1,Engineering and Technology
1149,335,B.Tech in Chemical,1,Engineering and Technology
1195,336,B.Tech in Civil,1,Engineering and Technology
1212,337,B.Tech in Electronis and in Communication,1,Engineering and Technology
1217,338,B.Tech in Infofmation and technology,1,Engineering and Technology
1233,339,B.Tech in Automobile,1,Engineering and Technology
1115,340,B.Tech in Bio-Medical,1,Engineering and Technology
1084,341,B.Tech in Agricultural,1,Engineering and Technology
1096,342,B.Tech in Mechatronics,1,Engineering and Technology
1014,343,B.Tech in Instrumentation and control,1,Engineering and Technology
1232,344,B.Tech in Petroleum,1,Engineering and Technology
1068,345,B.Tech in Mining,1,Engineering and Technology
1169,346,B.Tech in Production,1,Engineering and Technology
1218,347,B.Tech in Enviromental,1,Engineering and Technology
1238,348,B.Tech in Industrial,1,Engineering and Technology
1312,349,B.Tech in Diary Technology,1,Engineering and Technology
1114,350,B.Tech in Bio-Technology,1,Engineering and Technology
1213,351,M.Tech in Thermal,1,Engineering and Technology
1071,352,M.Tech in Structural,1,Engineering and Technology
23,353,M.Tech in Electrical,1,Engineering and Technology
264,354,M.Tech in Computer,1,Engineering and Technology
271,355,M.Tech in Power Systems,1,Engineering and Technology
904,356,M.Tech in Production,1,Engineering and Technology
914,357,M.Tech in Machine Design,1,Engineering and Technology
962,358,M.Tech in Remote sensing and GIS,1,Engineering and Technology
829,359,M.Tech in Water resource Management,1,Engineering and Technology
946,360,M.Tech in Electronis and Communication,1,Engineering and Technology
1416,361,M.Tech in Transportation,1,Engineering and Technology
1430,362,M.Tech in Information and technology,1,Engineering and Technology
607,363,M.Tech in Computer science,1,Engineering and Technology
344,364,M.Tech in Internal Combusition Engine and Automobiles,1,Engineering and Technology
354,365,M.Tech in VLSI & Embedded System,1,Engineering and Technology
609,366,M.Tech in Construction Project Management,1,Engineering and Technology
24,367,M.Tech in Industrial,1,Engineering and Technology
355,368,M.Tech in Geotechnical,1,Engineering and Technology
345,369,M.Tech in Enviromental,1,Engineering and Technology
1066,370,M.Tech in Infrastructure Engineering and Technology,1,Engineering and Technology
606,371,M.Tech in CAD & CAM,1,Engineering and Technology
905,372,M.Tech in Energy,1,Engineering and Technology
963,373,M.Tech in IT System and Netwrok security,1,Engineering and Technology
1150,374,M.Tech in Chemical,1,Engineering and Technology
1168,375,Bachelor of Business Administration,2,Business and Commerce
1311,376,Masters of Business Administration MBA,2,Business and Commerce
350,377,PGDM,2,Business and Commerce
1234,378,Integrated MBA,2,Business and Commerce
1425,379,Bachelor of Hotel Management,10,Hospitality and Tourism Management
1431,380,Bachelor of Commerce (Hons.),2,Business and Commerce
337,381,Master of Commerce,2,Business and Commerce
1069,382,"Intergrated Program : B.B.A , L.L.B",3,Law
1414,383,"Intergrated Program : B.Com , L.L.B",3,Law
20,384,"Intergrated Program : B.A , L.L.B",3,Law
273,385,Bachelor of Arts,4,Education
604,386,Master of Arts,4,Education
866,387,Bachelor of Arts in mass communication,4,Education
901,388,Bachelor of Social Work BSW,4,Education
915,389,Master of Social work MSW,4,Education
944,390,Master of Social Work (Human Resource Management),4,Education
961,391,Bachlor of Visual Arts,8,Mass Communication
979,392,B.Sc Pharmaceutical Science,5,Pharmacy
994,393,Bachelor of Pharmacy,5,Pharmacy
1004,394,Diploma Pharmacy (D.pham),5,Pharmacy
1013,395,Master of Pharmacy (M.pharm),5,Pharmacy
1083,396,B.Sc Microbiology,6,Medical
1095,397,B.sc Biotechnology,6,Medical
1139,398,B.sc Biochemistry,6,Medical
1146,399,B.sc Chemistry,6,Medical
1158,400,M.Sc Microbiology,6,Medical
1197,401,M.Sc Biotechnology,6,Medical
1209,402,M.Sc Biochemistry,6,Medical
1220,403,M.Sc Chemistry,6,Medical
1231,404,Diploma In Anesthesia and critical care,6,Medical
1242,405,Diploma In Radiography,6,Medical
1314,406,Diploma In Blood Bank Technology,6,Medical
1315,407,Diploma In Medical Laboratory Technology,6,Medical
1427,408,Diploma In Renal Dialysis,6,Medical
349,409,B.Sc in Anesthesia and critical care,6,Medical
352,410,B.Sc in Radiography,6,Medical
351,411,B.Sc in Blood Bank Technology,6,Medical
353,412,B.Sc in Medical Laboratory Technology,6,Medical
965,413,B.Sc in Renal Dialysis,6,Medical
1006,414,Master of Public Helths (MPH),6,Medical
966,415,Master of Helth Administration(MHA),6,Medical
984,416,Auxiliary Nursing & Midwifery (ANM),6,Medical
613,417,General Nursing & Midwifery (GNM),6,Medical
934,418,Bachelor of Science in Nursing (B.Sc - Nursing),6,Medical
1127,419,Master of Science in Nursing (M.Sc- Nursing),6,Medical
1171,420,Bachelor of Library & Information Science (B.Lib),6,Medical
1188,421,Master of Library & Information Science (M.Lib),6,Medical
612,422,Bachelor of Physiotherapy (BPT),6,Medical
611,423,Master of Physiotherapy (MPT),6,Medical
572,424,Bachelor of Science in Agriculture (B.Sc (Hons.),6,Medical
448,425,Bachelor of Science in Horticulture (B.Sc (Hons.),6,Medical
509,426,Bachelor of Design,7,Design Fashion and Animation
571,427,Bachelor of Architecture & Interior Design,7,Design Fashion and Animation
446,428,Master Of planning,7,Design Fashion and Animation
507,429,Bachelor of Computer Application,9,Computer Application
569,430,Master of Computer Application,9,Computer Application
1128,431,Master of Computer Application (LEET),9,Computer Application
1140,432,Integrated MCA,9,Computer Application
1145,433,Diploma in in Computer Science & Engineering,1,Engineering and Technology
1157,434,Diploma in in Mechanical Engineering,1,Engineering and Technology
1189,435,Diploma in in Civil Engineering,1,Engineering and Technology
1221,436,Diploma in in Electronics & Communications Engineering,1,Engineering and Technology
449,437,Diploma in Auto Mobile Engineering,1,Engineering and Technology
510,438,Diploma in in ELECTRICAL Engineering,1,Engineering and Technology
573,439,B.Tech. in Computer Science & Engineering,1,Engineering and Technology
447,440,B.Tech. in Mechanical Engineering,1,Engineering and Technology
508,441,B.Tech. in Civil Engineering,1,Engineering and Technology
570,442,B.Tech. in Electronics & Communications Engineering,1,Engineering and Technology
450,443,B.Tech. in Petroleum Engineering,1,Engineering and Technology
511,444,Bachelor of Computer Application (BCA),9,Computer Application
1284,445,M.Tech (Computer Science),1,Engineering and Technology
1287,446,M.TECH. in Mechanical Engineering,1,Engineering and Technology
1286,447,M.TECH. in Civil Engineering,1,Engineering and Technology
1285,448,M.TECH. in Electronics & Communications Engineering,1,Engineering and Technology
671,449,Masters of Computer Applications (MCA),9,Computer Application
677,450,Ph.D. in Mechanical Engineering,1,Engineering and Technology
672,451,Ph.D. in Civil Engineering,1,Engineering and Technology
678,452,Ph.D. in Electronics & Communications Engineering,1,Engineering and Technology
675,453,Ph.D.in Computer Science & Engineering,1,Engineering and Technology
673,454,Ph.D. in Computer Application,9,Computer Application
676,455,"Ph.D. in Applied Science(Physics ,Chemistry, Mathematics)",6,Medical
674,456,Bachelor of Businesss Administration (B.B.A.),2,Business and Commerce
764,457,Bachelor of Commerce B.Com (Hons),2,Business and Commerce
1263,458,Master of Business Administration,2,Business and Commerce
1261,459,Ph.D. Management Studies,2,Business and Commerce
1266,460,B.A.LL.B,3,Law
1265,461,B.B.A.LL.B.,3,Law
1267,462,Ph.D. in LAW And Legal Studies,3,Law
1357,463,Diploma In Elementary Education (D.El.Ed),4,Education
1264,464,Bachelor of Education (B.Ed),4,Education
1260,465,Ph.D. in Education,4,Education
1262,466,D.Pharm. (Diploma in pharmacy),5,Pharmacy
1028,467,B.Pharm. (Bachelor of Pharmacy),5,Pharmacy
886,468,Ph.D. in Pharmacy,5,Pharmacy
648,469,B.Sc. Agriculture,6,Medical
292,470,Ph.D. in Agricultural Science,6,Medical
567,471,B.Sc. (Hons.) Biotechnology,6,Medical
689,472,B.Sc. (Hons.) in Microbiology,6,Medical
259,473,B.Sc. (Hons.) Medical Lab Technology,6,Medical
644,474,M.Sc. Biotechnology,6,Medical
951,475,M.Sc. Microbiology,6,Medical
970,476,Diploma in Emergency & Trauma care Technician,6,Medical
985,477,Diploma in Dialysis Technician,6,Medical
997,478,Diploma in Cardiology Technician,6,Medical
1092,479,Diploma in C.T.Scan,6,Medical
1025,480,Diploma in Optometry,6,Medical
1032,481,Diploma in O.T Technician,6,Medical
1079,482,Diploma in MRI Technician,6,Medical
1121,483,B.Sc in Caridac Care Technology,6,Medical
1130,484,B.Sc in Anesthesia Technology,6,Medical
1144,485,B.Sc in Radiology,6,Medical
1164,486,B.Sc in Operation Theater,6,Medical
1236,487,B.Sc. Nursing,6,Medical
1328,488,General Nursing & Mildwifery (G.N.M),6,Medical
1339,489,Auxiliary Nurse MildWifery(A.N.M),6,Medical
1365,490,M.phil Programs,6,Medical
1387,491,Bachelor of Ayurvedic Medicine and Surgery(B.A.M.S),6,Medical
1421,492,Bachelor of Unani Medicine and Surgery (B.U.M.S),6,Medical
1453,493,Diploma in in Computer Science & Engineering,1,Engineering and Technology
258,494,Diploma in in Mechanical Engineering,1,Engineering and Technology
530,495,Diploma in in Civil Engineering,1,Engineering and Technology
896,496,Diploma in in Electronics & Communications Engineering,1,Engineering and Technology
1029,497,Diploma in Auto Mobile Engineering,1,Engineering and Technology
1064,498,Diploma in in Electrical Engineering,1,Engineering and Technology
708,499,B.Tech. in Computer Science & Engineering,1,Engineering and Technology
1018,500,B.Tech. in Mechanical Engineering,1,Engineering and Technology
1038,501,B.Tech. in Civil Engineering,1,Engineering and Technology
1107,502,B.Tech. in Electronics & Communications Engineering,1,Engineering and Technology
1120,503,B.Tech. in Petroleum Engineering,1,Engineering and Technology
238,504,Bachelor of Computer Application (BCA),9,Computer Application
885,505,M.Tech (Computer Science),1,Engineering and Technology
434,506,M.TECH. in Mechanical Engineering,1,Engineering and Technology
795,507,M.TECH. in Civil Engineering,1,Engineering and Technology
593,508,M.TECH. in Electronics & Communications Engineering,1,Engineering and Technology
698,509,B.Tech (LEET) in Computer Science Engineering,1,Engineering and Technology
1318,510,B.Tech (LEET) in Mechanical Engineering,1,Engineering and Technology
1347,511,B.Tech (LEET) in Civil Engineering,1,Engineering and Technology
1441,512,B.Tech (LEET) in Elecrical Engineering,1,Engineering and Technology
392,513,B.Tech (LEET) in Electronics and Communication,1,Engineering and Technology
592,514,Diploma in (LEET)Civil Engineering,1,Engineering and Technology
688,515,Diploma in (LEET)Computer Science Engineering,1,Engineering and Technology
882,516,Diploma in (LEET)Mechanical Engineering,1,Engineering and Technology
808,517,Diploma in (LEET)Electrical Engineering,1,Engineering and Technology
806,518,Diploma in (LEET)Electronics & Communication,1,Engineering and Technology
798,519,Diploma in Computer Application,9,Computer Application
956,520,Bachelor of Science (computer science),9,Computer Application
1181,521,PGDCA,9,Computer Application
1193,522,Bachelor in Computer applications (BCA),9,Computer Application
1449,523,Master in Computer application (MCA),9,Computer Application
394,524,MCA (LEET),9,Computer Application
499,525,Master of Computer science,9,Computer Application
594,526,Master of Computer science (LEET),9,Computer Application
78,527,Bachelor of Business Administration,2,Business and Commerce
288,528,Bachelor of Business Administration (Global management),2,Business and Commerce
382,529,Master of Business Administration (Solar & Renewable Energy),2,Business and Commerce
535,530,MBA Dual Specialization,2,Business and Commerce
652,531,Executive MBA,2,Business and Commerce
750,532,Bachelor of Commerce Pass,2,Business and Commerce
852,533,B.Com Honors (E-commerce),2,Business and Commerce
892,534,B.Com Honors Banking and Finance,2,Business and Commerce
906,535,Master of Commerce,2,Business and Commerce
919,536,Master of commerce Banking and Finance,2,Business and Commerce
949,537,LL.B.,3,Law
969,538,LL.M.,3,Law
986,539,B.A.L.L.B.,3,Law
996,540,B.B.A.L.L.B.,3,Law
1007,541,B.Pharm. (Bachelor of Pharmacy),5,Pharmacy
1017,542,B.Pharm. (Bachelor of Pharmacy) (LEET),5,Pharmacy
1031,543,D.Pharm. (Diploma in pharmacy),5,Pharmacy
1077,544,Bachelor of Science (Medical&non Medical),6,Medical
1090,545,Bachelor of science (Non Conventional Energy),6,Medical
1104,546,Bachelor of science Bio-Technology,6,Medical
1119,547,Master of Science Bio-Technology,6,Medical
1129,548,Master of Science,6,Medical
1143,549,Bachelor of Library & Information Science (B.Lib),6,Medical
1163,550,Master of Library & Information Science (M.Lib),6,Medical
1226,551,Bachelor of Education (B.Ed),4,Education
1235,552,Bachelor of Physical Education,4,Education
1301,553,B.Sc in Fashion Design,7,Design Fashion and Animation
1327,554,B.Sc in interior Design,7,Design Fashion and Animation
1342,555,B.Sc FD (Lateral Entry),7,Design Fashion and Animation
1364,556,B.Sc.ID (Lateral Entry),7,Design Fashion and Animation
1386,557,BJMC,8,Mass Communication
1419,558,MJMC,8,Mass Communication
1451,559,Bachelor in Animation & VFX,8,Mass Communication
536,560,Master in Animation & VFX,8,Mass Communication
801,561,B.Tech. in Computer Science & Engineering,1,Engineering and Technology
1192,562,B.Tech. in Textile Engineering,1,Engineering and Technology
575,563,B.Tech. in Mechanical Engineering,1,Engineering and Technology
463,564,B.Tech. in Civil Engineering,1,Engineering and Technology
796,565,B.Tech. in Chemical Engineering,1,Engineering and Technology
987,566,B.Tech. in Information and Technology,1,Engineering and Technology
998,567,Bachelor of Commerce B.Com +MBA/CA,2,Business and Commerce
1008,568,Bachelor of business administration BBA,2,Business and Commerce
1344,569,Bachelor of Business Administration (Family Business Owner & Enterprenuership) Based,2,Business and Commerce
1366,570,B.Sc. IT,1,Engineering and Technology
1388,571,B.Sc. Biotechnology,6,Medical
1456,572,B.Sc. Microbiology,6,Medical
289,573,B.Sc. Environmental Science,6,Medical
387,574,B.Sc. Chemistry,6,Medical
800,575,M.Sc. Integrated Biotech,6,Medical
958,576,M.Sc. Integrated Microbiology,6,Medical
1191,577,M.Sc. Biotech,6,Medical
464,578,M.Sc. Microbiology,6,Medical
574,579,B.Sc. Nursing,6,Medical
540,580,GNM (General Nursing Midwifery),6,Medical
1089,581,Bachelor of Physiotherapy (BPT),6,Medical
894,582,Fashion and textile design,7,Design Fashion and Animation
436,583,Visual and communication Design,7,Design Fashion and Animation
451,584,Product Design,7,Design Fashion and Animation
512,585,Interior design,7,Design Fashion and Animation
760,586,Bachelor of Arts,7,Design Fashion and Animation
433,587,Bachelor of Architecture (B.Arch),7,Design Fashion and Animation
794,588,Bachelor of Buisness Administration,2,Business and Commerce
1280,589,Diploma in Electrical Engineering,1,Engineering and Technology
1283,590,Diploma in Mechanical Engineering,1,Engineering and Technology
1281,591,Diploma in Civil Engineering,1,Engineering and Technology
1282,592,Diploma in Automobile Engineering,1,Engineering and Technology
1034,593,Diploma in Computer Science & Engineering,1,Engineering and Technology
471,594,B.Tech in Electrical Engineering,1,Engineering and Technology
559,595,B.Tech in Electrical & Electronics Engineering,1,Engineering and Technology
720,596,B.Tech in Computer Science & Engineering,1,Engineering and Technology
721,597,B.Tech in Electornics & Communication Engineering,1,Engineering and Technology
722,598,B.Tech in Mechanical Engineering,1,Engineering and Technology
723,599,B.Tech in Civil Engineering,1,Engineering and Technology
724,600,B.Tech in Information Technology,1,Engineering and Technology
725,601,B.Tech in Electronics Instrumentation & Control,1,Engineering and Technology
726,602,B.Tech in Automobile Engineering,1,Engineering and Technology
727,603,B.Tech in Fire & Safety,1,Engineering and Technology
728,604,B.Tech in Biotechnology,1,Engineering and Technology
729,605,B.Tech(Hons) With IBM Certification in Cloud Computing,1,Engineering and Technology
730,606,B.Tech(Hons) With IBM Certification in Business Analytics,1,Engineering and Technology
731,607,B.Tech Lateral Entry - 2nd year (All Branches ),1,Engineering and Technology
736,608,Dual Degree in B. Tech + M.Tech (Dual Degree),1,Engineering and Technology
737,609,Dual Degree in Business Analytics,1,Engineering and Technology
733,610,M.tech in Biotechnology,1,Engineering and Technology
734,611,M.tech in Power System & Control Engineering,1,Engineering and Technology
735,612,M.tech in Energy Management,1,Engineering and Technology
732,613,M.tech in Digital Communication,1,Engineering and Technology
772,614,M.tech in Software Engineering,1,Engineering and Technology
1348,615,M.Tech in Thermal Engineering,1,Engineering and Technology
771,616,M.Tech in Building Construction & Management,1,Engineering and Technology
386,617,M.Tech in Environmental Engineering,1,Engineering and Technology
1346,618,M.Tech in Industrial & Production Engineering,1,Engineering and Technology
1383,619,M.Tech in Information & Communication Technology,1,Engineering and Technology
1444,620,M.Tech (by research),1,Engineering and Technology
699,621,B.Sc General in Physics,6,Medical
1176,622,B.Sc General in Chemistry,6,Medical
1349,623,B.Sc General in Maths,6,Medical
799,624,B.Sc. (Hons) in Physics,6,Medical
957,625,B.Sc. (Hons) in Chemistry,6,Medical
1182,626,B.Sc. (Hons) in Environmental Science,6,Medical
1194,627,B.Sc. (Hons) in Mathematics,6,Medical
1450,628,B.Sc. (Hons) in Biotechnology,6,Medical
887,629,B.Sc. (Hons) in Computer Sciences,6,Medical
427,630,B.Sc. (Hons) in Microbiology,6,Medical
557,631,B.Sc. (Hons) in Agriculture,6,Medical
1036,632,M.Sc.in Physics,6,Medical
315,633,M.Sc.in Chemistry,6,Medical
782,634,M.Sc.in Maths,6,Medical
400,635,M.Sc.in Conputer Science,6,Medical
783,636,M.Sc.in Biotechnology,6,Medical
848,637,M.Sc.in Microbiology,6,Medical
877,638,Bachelor in Computer Application,9,Computer Application
1184,639,Master in Computer Application,9,Computer Application
1300,640,Master in Computer Application (LEET),9,Computer Application
1442,641,BBA LLB.,3,Law
784,642,BA LLB. Hons.,3,Law
560,643,LLB,3,Law
781,644,LLM. (Full time Program),3,Law
429,645,B. Com (Hons.),2,Business and Commerce
587,646,Bachelor of Business Administration,2,Business and Commerce
552,647,Integrated (BBA + MBA),2,Business and Commerce
553,648,B.A (Hons.) in Economics,2,Business and Commerce
554,649,MBA (Dual Specialisation) in Marketing,2,Business and Commerce
431,650,MBA (Dual Specialisation) in Finance,2,Business and Commerce
432,651,MBA (Dual Specialisation) In HR,2,Business and Commerce
425,652,MBA (Dual Specialisation) in Production & Operations Management,2,Business and Commerce
814,653,MBA (Dual Specialisation) in International Business,2,Business and Commerce
817,654,MBA (Dual Specialisation) in Banking & Financial Services,2,Business and Commerce
818,655,MBA (Dual Specialisation) in Retail Management,2,Business and Commerce
815,656,MBA (Dual Specialisation) in Hospitality Management & Insurance,2,Business and Commerce
812,657,MBA (Dual Specialisation) in Information Technology,2,Business and Commerce
813,658,MA in Economics,4,Education
816,659,M. Com in Masters of Commerce,2,Business and Commerce
395,660,Diploma in Financial Management,2,Business and Commerce
988,661,Diploma in Marketing Management,2,Business and Commerce
500,662,Diploma in Business & Entrepreneurship,2,Business and Commerce
1228,663,Diploma in Business Management,2,Business and Commerce
707,664,Diploma in Industrial Relations,2,Business and Commerce
1249,665,BA (Hons) in English,4,Education
1250,666,BA (Hons) in History,4,Education
528,667,BA (Hons) in Psychology,4,Education
398,668,BA (Hons) in Sociology,4,Education
93,669,BA (Hons) in Poltical Science,4,Education
72,670,BA (Hons) in Public Administration,4,Education
81,671,BA (Hons) in Geography,4,Education
872,672,BA (Hons) in International Relations,4,Education
756,673,MA in English,4,Education
755,674,MA in History,4,Education
647,675,MA in Poltical Science,4,Education
1360,676,MA in Sociology,4,Education
1165,677,MA in Psychology,4,Education
751,678,MA in Geography,4,Education
752,679,MA in Public Administration,4,Education
753,680,MA in International Relations,4,Education
754,681,Master in Social Work (MSW),4,Education
103,682,Bachelor of Arts,4,Education
110,683,Bachelor in Arts - Journalism & Mass Communication (BA-JMC ),8,Mass Communication
869,684,Masters in Arts- Journalism & Mass Communication (MA-JMC ),8,Mass Communication
111,685,MBA (MM) Media Management,8,Mass Communication
1251,686,PG Diploma Hindi Journalism,8,Mass Communication
104,687,PG Diploma PR & Event Management,8,Mass Communication
823,688,BFA in Painting,7,Design Fashion and Animation
824,689,BFA in Applied Arts,7,Design Fashion and Animation
825,690,MFA in Painting,7,Design Fashion and Animation
695,691,MFA in Applied Arts,7,Design Fashion and Animation
224,692,Bachelor of Architecture (B.Arch),7,Design Fashion and Animation
225,693,Bachelor of Interior Designing,7,Design Fashion and Animation
226,694,Diploma in Architecture,7,Design Fashion and Animation
694,695,B.Ed,4,Education
320,696,M. Ed,4,Education
151,697,Ph.D.,6,Medical
138,698,M. Phil (All Streams ),6,Medical
152,699,General Nursing & Midwifery (GNM),6,Medical
139,700,Auxiliary Nursing & Midwifery (ANM),6,Medical
140,701,Bachelors in Physiotherapy (BPT),6,Medical
141,702,Bachelor in Medical Lab Technician (BMLT ),6,Medical
565,703,B.Sc in OT Technique+Diploma in Clinical Nurse Assistant,6,Medical
130,704,B.Sc in Optometry/Renal Dialsis/Radiology,6,Medical
131,705,B.Sc in Allied Health Science-Respiratory Care Tech./Public Health./Sc./OTT/Hospital Administration/Cardic Care,6,Medical
301,706,Master of Public Health (MPH),6,Medical
1021,707,Diploma in Hospital Administration/Physiotherapy/OTT/CT/Optemetry/Blood Transfusion/X-Ray/Cardic,6,Medical
1049,708,Diploma in Ambulance Technician/ Critical Care/ ICU Technician/ Hospital Front Office,6,Medical
1047,709,Diploma in Clinical Nurse Assistant (First Aid & Emergency Care ),6,Medical
1022,710,Diploma in Clinical Nurse Assistant (Home Nursing ),6,Medical
1048,711,Diploma in Clinical Nurse Assistant (Reproductive & Child Health,6,Medical
73,712,Diploma in Clinical Nurse Assistant (Family Welfare & Population Education ),6,Medical
154,713,Diploma in Clinical Nurse Assistant ( Nutrition & Personal Hygeine ),6,Medical
1326,714,Bachelor of Engineering in Aerospace,1,Engineering and Technology
1325,715,Bachelor of Engineering in Automobile Engineering,1,Engineering and Technology
248,716,Bachelor of Engineering in Biotechnology Engineering,1,Engineering and Technology
184,717,Bachelor of Engineering in Chemical Engineering,1,Engineering and Technology
250,718,Bachelor of Engineering in Civil Engineering,1,Engineering and Technology
249,719,Bachelor of Engineering in Computer Science Engineering,1,Engineering and Technology
185,720,Bachelor of Engineering in CSE Artificial Intelligence & Machine Learning Engineering,1,Engineering and Technology
187,721,Bachelor of Engineering in CSE Internet of Things,1,Engineering and Technology
186,722,Bachelor of Engineering in CSE Mobile Computing,1,Engineering and Technology
183,723,Bachelor of Engineering in CSE Open Souce and Open Standard,1,Engineering and Technology
1384,724,Bachelor of Engineering in Electrical Engineering,1,Engineering and Technology
1385,725,Bachelor of Engineering in Electronics and Communicaion Engineering,1,Engineering and Technology
147,726,Bachelor of Engineering in Petroleum Engineering,1,Engineering and Technology
129,727,Bachelor of Engineering in Information Technology,1,Engineering and Technology
94,728,Bachelor of Engineering in Mechanical Engineering,1,Engineering and Technology
150,729,Bachelor of Engineering in Mechatronics Engineering,1,Engineering and Technology
142,730,Bachelor of Engineering in Food Technology Engineering,1,Engineering and Technology
125,731,Bachelor of Engineering in Graphics and Gaming Engineering,1,Engineering and Technology
171,732,Master of Engineering in Automobile Engineering,1,Engineering and Technology
473,733,Master of Engineering in Civil Engineering,1,Engineering and Technology
551,734,Master of Engineering in Computer Science Engineering,1,Engineering and Technology
115,735,Master of Engineering in Computer Science Engineering (Hons),1,Engineering and Technology
70,736,Master of Engineering in Electronics and Communicaion Engineering,1,Engineering and Technology
82,737,Master of Engineering in Electrical Engineering,1,Engineering and Technology
143,738,Master of Engineering in Electrical Engineering (Hons),1,Engineering and Technology
860,739,Master of Engineering in Information Technology,1,Engineering and Technology
50,740,Master of Engineering in Mechanical Engineering,1,Engineering and Technology
47,741,Master of Engineering in Mechanical Engineering (Hons),1,Engineering and Technology
46,742,Master of Engineering in Energy System Engineering,1,Engineering and Technology
48,743,Master of Engineering in Artificial Intelligence in Machine Learning Engineering,1,Engineering and Technology
49,744,Bachelor of Business Administration (BBA),2,Business and Commerce
324,745,BBA- Advertising & Marketing,2,Business and Commerce
158,746,BBA- Banking & Finance,2,Business and Commerce
1322,747,BBA- Insurance & Risk Management,2,Business and Commerce
159,748,BBA- Tourism & Event Management,2,Business and Commerce
160,749,BBA - Forex Management,2,Business and Commerce
56,750,BBA - Family Business Management,2,Business and Commerce
522,751,Masters of Business Administration (MBA),2,Business and Commerce
57,752,MBA in Tourism and Hospitality Management,10,Hospitality and Tourism Management
523,753,MBA Logistics and Supply Chain Management,2,Business and Commerce
59,754,Bachelor of Computer Applications (BCA),9,Computer Application
525,755,B.Sc (Computer Science),9,Computer Application
60,756,Master of Computer Applications (MCA),9,Computer Application
526,757,Masters of Computer Applications (Lateral Entry for B.Sc IT/BCA Graduates),9,Computer Application
58,758,BA + B.Ed (Integrated)*,4,Education
524,759,B.Sc + B.Ed (Integrated)*,4,Education
235,760,B.P.Ed,4,Education
328,761,Post Graduate Diploma in Yoga Education,4,Education
336,762,"B.Sc in Animation, VFX and Gaming",7,Design Fashion and Animation
714,763,B.Sc in Film Studies,8,Mass Communication
411,764,B.Sc in Interior Design,7,Design Fashion and Animation
1396,765,Bachelor of Fine Arts,7,Design Fashion and Animation
1208,766,Bachelor of Fashion & Design,7,Design Fashion and Animation
329,767,M.Sc in Animation and Multimedia Technology,7,Design Fashion and Animation
700,768,"B.Sc. Hotel & Hospitality Management (HHM)
- Resort & Event Managemen (with specialization from 2nd yr)
- Restaurant & Catering Management (with specialization from 2nd yr)",10,Hospitality and Tourism Management
884,769,B.Sc. Airlines & Airport Management,10,Hospitality and Tourism Management
234,770,B.Sc. Travel & Tourism Management,10,Hospitality and Tourism Management
444,771,B.Sc. Hospitality and Hotel Administration Affiliated to National Council for Hotel Management & Catering Technology,10,Hospitality and Tourism Management
505,772,B.Sc. Culinary Arts,10,Hospitality and Tourism Management
45,773,MBA in Tourism and Hospitality Management,10,Hospitality and Tourism Management
334,774,Pharm D,5,Pharmacy
598,775,Bachelor of Physiotherapy,6,Medical
1135,776,Bachelor of Optometry,6,Medical
251,777,Bachelor of Pharmacy (B.Pharma),5,Pharmacy
1446,778,Bachelor of Pharmacy - Lateral Entry,5,Pharmacy
335,779,B.Sc Medical Lab Technology - (MLT),6,Medical
413,780,B.Sc Medical Lab Technology - (MLT) Lateral Entry,6,Medical
668,781,M.Sc in Forensic Science and Toxicology,6,Medical
291,782,M.Sc in Forensic Science and Toxicology - Lateral Entry,6,Medical
669,783,M Pharm,5,Pharmacy
486,784,M.Sc Clinical Psychology,6,Medical
485,785,B.Sc in Biotechnology (BT),6,Medical
330,786,M.Sc in (Bio-Technology),6,Medical
331,787,M.Sc Industrial Microbiology,6,Medical
1015,788,Bachelor of Design (Industrial Design ),7,Design Fashion and Animation
597,789,Bachelor of Architecture (B. Arch),7,Design Fashion and Animation
863,790,Bachelor of Commerce (B.Com Hons),2,Business and Commerce
926,791,Master in Commerce - Honors M.Com-(Hons),2,Business and Commerce
977,792,Bachelor of Arts + Bachelor of Law (B.A. LL.B) - Integrated,3,Law
1112,793,Bachelor of Law (LL.B),3,Law
1133,794,Bachelor of Commerce + Bachelor of Law (B.Com. LL.B) - Integrated,3,Law
1203,795,Bachelor of Business Administration + Bachelor of Law (B.B.A. LL.B) - Integrated,3,Law
1214,796,Master of Law (LL.M),3,Law
1307,797,B.Sc (Agriculture) + MBA  Integrated,6,Medical
1392,798,B.Sc (Hons.) in Agriculture,6,Medical
1435,799,MSC Agronomy,6,Medical
719,800,Bachelor of Arts (Journalism + Mass Communication),8,Mass Communication
718,801,Masters of Arts (Journalism + Mass Communication),8,Mass Communication
715,802,Bachelor of Arts (B.A),4,Education
716,803,Master of Arts - English,4,Education
717,804,Master of Arts - Psychology,4,Education
233,805,Master of Arts - Performing Arts,4,Education
327,806,Bachelor of Science(B. Sc.) - Non Medical,6,Medical
527,807,Bachelor of Science(B. Sc.) - Nutrition & Dietetics,6,Medical
599,808,Bachelor of Science(B. Sc.) - Actuarial Sciences,6,Medical
899,809,Bachelor of Science(B. Sc.) - Medical,6,Medical
975,810,Bachelor of Science(B. Sc.) - Physics,6,Medical
1306,811,Bachelor of Science(B. Sc.) - Chemistry,6,Medical
1132,812,Bachelor of Science(B. Sc.) - Economics,6,Medical
1205,813,Master of Science - Chemistry,6,Medical
1399,814,Master of Science - Physics,6,Medical
42,815,Master of Science - Mathematics,6,Medical
192,816,Master of Science(M. Sc.) - Economics,6,Medical
484,817,"BE - Computer Science and Engineering (CSE)
Big Data and Analytics",1,Engineering and Technology
189,818,"BE - Computer Science and Engineering (CSE)
Cloud Computing",1,Engineering and Technology
861,819,"BE - Computer Science and Engineering (CSE)
Information Security",1,Engineering and Technology
326,820,"ME - Computer Science and Engineering (CSE)
Big Data and Analytics",1,Engineering and Technology
1412,821,"ME - Computer Science and Engineering (CSE)
Cloud Computing",1,Engineering and Technology
595,822,"ME - Computer Science and Engineering (CSE)
Information Security",1,Engineering and Technology
897,823,B.Tech in Electronics and Communication (ECE),1,Engineering and Technology
1206,824,B. Tech in Computer Science Engineering (CSE),1,Engineering and Technology
1304,825,B. Tech in Mechanical Engineering,1,Engineering and Technology
1434,826,B. Tech in Civil Engineering,1,Engineering and Technology
900,827,Integrated B.tech + M.tech (ME/CE/CSE/ECE),1,Engineering and Technology
1207,828,M. Tech in Communication System,1,Engineering and Technology
974,829,M. Tech in Computer Science & Engineering,1,Engineering and Technology
1433,830,M. Tech in Production Engineering,1,Engineering and Technology
332,831,M. Tech in Environmental Engineering,1,Engineering and Technology
470,832,Ph.D in Engineering,1,Engineering and Technology
483,833,B. Sc. (Hons.) Physics,6,Medical
1334,834,B. Sc. (Hons.) Chemistry,6,Medical
978,835,B. Sc. (Hons.) Mathematics,6,Medical
1335,836,M.Sc. Physics,6,Medical
1395,837,M.Sc. Chemistry,6,Medical
666,838,M.Sc. Mathematics,6,Medical
41,839,Ph.D. (Physics),6,Medical
1447,840,Ph.D. (Chemistry),6,Medical
252,841,Ph.D. (Mathematics),6,Medical
1445,842,Bachelor of Pharmacy (B.Pharma),5,Pharmacy
1448,843,Master of Pharmacy (M.Pharma),5,Pharmacy
231,844,Ph. D. (Pharmacy Science),5,Pharmacy
89,845,B.Com (Hons.),2,Business and Commerce
713,846,Bachelor of Business Administration (BBA),2,Business and Commerce
253,847,B.Com. Hons. (IFA),2,Business and Commerce
1345,848,MBA- Dual Specialization,2,Business and Commerce
1455,849,Ph.D. (Management & Commerce),2,Business and Commerce
442,850,LLB,3,Law
503,851,B.A.LL.B.,3,Law
440,852,LL.M (Intellectual Property Rights/ Criminal Law/ Corporate Law),3,Law
501,853,Ph.D. (LEGAL STUDIES),3,Law
445,854,Diploma in Computer Science Engineering,1,Engineering and Technology
506,855,Diploma in Electircal Engineering,1,Engineering and Technology
443,856,Diploma in Mechanical Engineering,1,Engineering and Technology
504,857,Diploma in Civil Engineering,1,Engineering and Technology
441,858,B.Tech in Computer Science Engineering,1,Engineering and Technology
502,859,B.Tech in Electrical Engineering,1,Engineering and Technology
670,860,B.Tech in Mechanical Engineering,1,Engineering and Technology
333,861,B.Tech in Civil Engineering,1,Engineering and Technology
229,862,M.tech in (All Streams),1,Engineering and Technology
230,863,BCA,9,Computer Application
667,864,MCA,9,Computer Application
325,865,MCA(LEET),9,Computer Application
596,866,BBA,2,Business and Commerce
862,867,MBA (All Specialiazation),2,Business and Commerce
898,868,B.COM,2,Business and Commerce
925,869,M.COM,2,Business and Commerce
968,870,Diploma in Pharmacy (D.Pharma),5,Pharmacy
976,871,Bachelor of Pharmacy (B.Pharma),5,Pharmacy
1411,872,B.Sc (Hons.) in Agriculture,6,Medical
1432,873,B.Sc in (P-C-M),6,Medical
1305,874,B.Sc in Biology,6,Medical
1308,875,M.sc (P-C-M),6,Medical
1391,876,Bachelor of Arts,4,Education
1390,877,Master of Arts,4,Education
43,878,Diploma in Architecture,7,Design Fashion and Animation
1204,879,Bachelor of Architecture,7,Design Fashion and Animation
1215,880,BA LLB (Integrated Course),3,Law
1020,881,Bachelor of Laws (LLB),3,Law
1111,882,Master of Laws (LLM),3,Law
414,883,B.TECH (ALL STREAMS),1,Engineering and Technology
44,884,B.TECH (LEET),1,Engineering and Technology
489,885,M.TECH in (All Streams),1,Engineering and Technology
488,886,Bachelor of Business Administration (BBA),2,Business and Commerce
188,887,Master in Business Administration (MBA),2,Business and Commerce
191,888,Bachelor of Computer Aplication (BCA),9,Computer Application
487,889,Master of Computer Application (MCA),9,Computer Application
1400,890,Bachelor in Fashion & Apparel Design (BFAD),7,Design Fashion and Animation
876,891,Diploma in Electrical Engineering,1,Engineering and Technology
1183,892,Diploma in Mechanical Engineering,1,Engineering and Technology
1394,893,Diploma in Computer Science & Engineering,1,Engineering and Technology
412,894,Diploma in Electrictronics and Communication Engineering,1,Engineering and Technology
190,895,B.Tech in Mechanical Engineering,1,Engineering and Technology
415,896,B.Tech in Civil Engineering,1,Engineering and Technology
1397,897,B.Tech in Computer Science Engineering,1,Engineering and Technology
1398,898,B.Tech in Electronics and Communication,1,Engineering and Technology
232,899,B.Tech in Information Technology,1,Engineering and Technology
954,900,Bachelor of Business Administration (BBA),2,Business and Commerce
401,901,Master in Business Administration (MBA),2,Business and Commerce
199,902,M.Tech in Civil Engineering,1,Engineering and Technology
35,903,M.tech in Mechanical Engineering,1,Engineering and Technology
40,904,M.tech in Electronics and Communication Engineering,1,Engineering and Technology
36,905,M.Tech in Computer Science Engineering,1,Engineering and Technology
39,906,B.Tech in Computer Science Engineering,1,Engineering and Technology
37,907,B.Tech in Civil Engineering,1,Engineering and Technology
38,908,B.Tech in Electronics and Communication,1,Engineering and Technology
240,909,B.Tech in Mechanical Engineering,1,Engineering and Technology
161,910,M.tech in Mechanical Engineering,1,Engineering and Technology
1134,911,M.tech in Electronics and Communication Engineering,1,Engineering and Technology
317,912,M.Tech in Computer Science Engineering,1,Engineering and Technology
614,913,Bachelor of Business Administration (BBA),2,Business and Commerce
615,914,Master in Business Administration (MBA),2,Business and Commerce
237,915,B.Tech (Electronics & Communication Engineering),1,Engineering and Technology
236,916,B.Tech (Civil Engineering),1,Engineering and Technology
101,917,B.Tech (Mechanical Engineering),1,Engineering and Technology
114,918,B.Tech (Computer Science & Engg.),1,Engineering and Technology
88,919,Diploma in Mechanical Engineering,1,Engineering and Technology
170,920,Diploma in Civil Engineering,1,Engineering and Technology
242,921,Master in Business Administration (MBA),2,Business and Commerce
241,922,B.Tech (Electronics & Communication Engineering),1,Engineering and Technology
85,923,B.Tech (Civil Engineering),1,Engineering and Technology
98,924,B.Tech (Mechanical Engineering),1,Engineering and Technology
75,925,B.Tech (Computer Science & Engg.),1,Engineering and Technology
122,926,B.Tech (Electrical Engineering),1,Engineering and Technology
1323,927,B.Tech (Information Technology),1,Engineering and Technology
1324,928,B.Tech Lateral Entry - 2nd year (All Branches ),1,Engineering and Technology
539,929,M.Tech (VLSI & Embedded System),1,Engineering and Technology
1274,930,M.Tech in Computer Science Engineering,1,Engineering and Technology
1275,931,M.Tech in Civil Engineering,1,Engineering and Technology
1273,932,M.tech in Mechanical Engineering,1,Engineering and Technology
1277,933,Master of Computer Application (MCA),9,Computer Application
1278,934,Master of Computer Application (LEET),9,Computer Application
1276,935,Master in Business Administration (MBA),2,Business and Commerce
1279,936,MBA Integrated (BBA+MBA),2,Business and Commerce
77,937,B.tech in Computer Science & Information Technology,1,Engineering and Technology
86,938,B.tech in Mechanical Engineering,1,Engineering and Technology
588,939,B.tech in Civil Engineering,1,Engineering and Technology
87,940,B.tech in Electronics and Communication engineering,1,Engineering and Technology
66,941,B.tech in Electrical Engineering,1,Engineering and Technology
96,942,M.Tech (All Streams),1,Engineering and Technology
69,943,Bachelor of Business Administration (BBA),2,Business and Commerce
80,944,Master in Business Administration (MBA),2,Business and Commerce
99,945,Bachelor in Computer Application (BCA),9,Computer Application
149,946,Master of Computer Application (MCA),9,Computer Application
144,947,Master of Computer Application (LEET),9,Computer Application
194,948,DIPLOMA IN VOCAL (Automotive Manufacturing Technology),1,Engineering and Technology
424,949,Post Graduate Diploma in Management (PGDM),2,Business and Commerce
705,950,Bachelor of Arts + Bachelor of Law (B.A. LL.B) - Integrated,3,Law
1110,951,Bachelor of Law (LL.B),3,Law
496,952,Bachelor of Commerce + Bachelor of Law (B.Com. LL.B) - Integrated,3,Law
586,953,Master of Law (LL.M),3,Law
1330,954,B.Tech in Computer Science and Engineering,1,Engineering and Technology
1331,955,B.Tech in Mechanical Engineering,1,Engineering and Technology
65,956,B.tech in Electronics and Communication,1,Engineering and Technology
653,957,B.tech in Information Technology,1,Engineering and Technology
833,958,B.tech in Civil Engineering,1,Engineering and Technology
385,959,B.tech in Textile Engineering,1,Engineering and Technology
439,960,B.tech Lateral Entry (All Branches),1,Engineering and Technology
391,961,M.TECH,1,Engineering and Technology
389,962,Diploma in Mechanical Engineering,1,Engineering and Technology
390,963,Bachelor of Business Administration (BBA),2,Business and Commerce
591,964,Bachelor in Computer Application (BCA),9,Computer Application
71,965,Master in Business Administration (MBA),2,Business and Commerce
1026,966,Master of Computer Application (MCA),9,Computer Application
61,967,Master of Computer Application (LEET),9,Computer Application
62,968,Diploma in Electronics and Communications Engineering,1,Engineering and Technology
64,969,Diploma in Computer Science and Engineering,1,Engineering and Technology
63,970,Diploma in Mechanical Engineering,1,Engineering and Technology
106,971,Diploma in Civil Engineering,1,Engineering and Technology
105,972,Diploma in Engineering (LEET),1,Engineering and Technology
545,973,B.Tech in Mechanical Engineering,1,Engineering and Technology
858,974,B.Tech in Computer Science and Engineering,1,Engineering and Technology
546,975,B.tech in Civil Engineering,1,Engineering and Technology
649,976,B.tech in Electrical and Electronics Engineering,1,Engineering and Technology
856,977,B.Tech (Electronics & Communication Engineering),1,Engineering and Technology
293,978,B.tech Lateral Entry (All Branches),1,Engineering and Technology
650,979,Bachelor in Computer Application (BCA),9,Computer Application
68,980,Bachelor of Business Administration (BBA),2,Business and Commerce
84,981,Bachelor of Commerce (B.Com),2,Business and Commerce
789,982,Bachelor of Tourism and Travel Management (BTTM),10,Hospitality and Tourism Management
1298,983,Master in Business Administration (MBA),2,Business and Commerce
1299,984,Master of Computer Application (MCA),9,Computer Application
665,985,Master of Computer Application (LEET),9,Computer Application
702,986,B.Tech in Computer Science and Engineering,1,Engineering and Technology
118,987,B.tech in Civil Engineering,1,Engineering and Technology
195,988,B.Tech in Mechanical Engineering,1,Engineering and Technology
297,989,B.Tech (Electronics & Communication Engineering),1,Engineering and Technology
704,990,Bachelor of Business Administration (BBA),2,Business and Commerce
834,991,Bachelor in Computer Application (BCA),9,Computer Application
835,992,Bachelor of Commerce (B.Com),2,Business and Commerce
837,993,Master in Business Administration (MBA),2,Business and Commerce
836,994,B.Sc in Biotechnology (Biotech),6,Medical
1035,995,B.Tech in Computer Science and Engineering,1,Engineering and Technology
1063,996,B.tech in Civil Engineering,1,Engineering and Technology
117,997,B.tech in Electrical and Electronics Engineering,1,Engineering and Technology
197,998,B.Tech in Mechanical Engineering,1,Engineering and Technology
200,999,B.Tech (Electronics & Communication Engineering),1,Engineering and Technology
90,1000,B.tech Lateral Entry,1,Engineering and Technology
875,1001,Bachelor of Business Administration (BBA),2,Business and Commerce
91,1002,Bachelor of Commerce (B.Com),2,Business and Commerce
216,1003,Master in Business Administration (MBA),2,Business and Commerce
217,1004,Master of Computer Application (MCA),9,Computer Application
215,1005,B.Tech in Computer Science and Engineering,1,Engineering and Technology
1037,1006,B.Tech in Civil Engineering,1,Engineering and Technology
165,1007,B.Tech in Mechanical Engineering,1,Engineering and Technology
163,1008,B.Tech in Electronic & Commutations Engineering,1,Engineering and Technology
123,1009,Diploma in Civil,1,Engineering and Technology
498,1010,Master of Business Administration (MBA),2,Business and Commerce
311,1011,Bachelor of Business Administration (BBA),2,Business and Commerce
310,1012,Bachelor in Physiotherapy,6,Medical
881,1013,Master in Physiotherapy,6,Medical
1043,1014,Diploma in Medical,6,Medical
409,1015,BSc in Biotechnology,6,Medical
408,1016,BSc in Microbiology,6,Medical
1060,1017,MSc in Biotechnology,6,Medical
1053,1018,MSc in Microbiology,6,Medical
410,1019,Bachelor in computer Application(BCA),9,Computer Application
1057,1020,International Diploma in Hotel Management,10,Hospitality and Tourism Management
312,1021,B.sc in Hotel Management,10,Hospitality and Tourism Management
790,1022,BA In Tourism & Hotel Management,10,Hospitality and Tourism Management
1058,1023,Bachelor in Hotel Management,10,Hospitality and Tourism Management
1051,1024,MBA in Hotel Management,10,Hospitality and Tourism Management
1052,1025,Bachelor of Business Administration (BBA),2,Business and Commerce
1042,1026,Bachelor in computer Application(BCA),9,Computer Application
1050,1027,Master of Business Administration in (I.B),2,Business and Commerce
792,1028,Bachelor Of Education,4,Education
1380,1029,M.A Education,4,Education
1356,1030,Bachelor of Library Science(B. Lib),6,Medical
219,1031,M.Lib,6,Medical
773,1032,Bachelor in Physiotherapy,6,Medical
1374,1033,Master in Physiotherapy (MPT) Ortho/ Neuro,6,Medical
1055,1034,B.Sc Forestry,6,Medical
1382,1035,B.Sc Agriculture,6,Medical
1377,1036,M.Sc Forestry,6,Medical
176,1037,M.Sc Agronomy,6,Medical
1406,1038,B.Sc Horticulture,6,Medical
174,1039,B.Sc Fishery,6,Medical
257,1040,B.Sc Food Technology,6,Medical
1379,1041,BSc in Medical lab technology (B.Sc. MLT),6,Medical
1404,1042,BSc Medical Microbiology (B.Sc MM),6,Medical
787,1043,BSc in Biotechnology(CBZ),6,Medical
788,1044,M.Sc Horticulture,6,Medical
254,1045,M.Sc Fishery,6,Medical
255,1046,M.Sc Food Technology,6,Medical
1405,1047,M.Sc Botany,6,Medical
1378,1048,M.Sc Zoology,6,Medical
1056,1049,M.Sc in Biochemistry,6,Medical
1375,1050,M.Sc in Medical Lab Tech (MLT),6,Medical
172,1051,M.Sc Chemistry,6,Medical
175,1052,M.Sc Enivromental Science,6,Medical
256,1053,M.Sc Microbiology,6,Medical
1376,1054,M.Sc Biotechnology,6,Medical
173,1055,M.Sc Pharmaceutical Chemistry,6,Medical
1381,1056,B.A Mass Communication,8,Mass Communication
793,1057,M.A Mass Communication,8,Mass Communication
407,1058,Bachelor in Hotel Management( B.H.M),10,Hospitality and Tourism Management
1059,1059,B.Tech in Applied Science,1,Engineering and Technology
1061,1060,B.Tech in Information and technology,1,Engineering and Technology
1054,1061,B.Tech in Computer science,1,Engineering and Technology
323,1062,B.Tech in electronics & Communication,1,Engineering and Technology
319,1063,B.Tech in Mechanical,1,Engineering and Technology
318,1064,B.Tech in Civil,1,Engineering and Technology
583,1065,B.Tech in Electronics & Computer,1,Engineering and Technology
481,1066,B.Tech in Electrical & Electronics,1,Engineering and Technology
843,1067,B.Tech in CSE & IT,1,Engineering and Technology
109,1068,Masters of Buisness Administration(MBA),2,Business and Commerce
581,1069,Masters of Technology(M.tech),1,Engineering and Technology
582,1070,Master of Business Administration (MBA),2,Business and Commerce
844,1071,Bachelor of Business Administration (BBA),2,Business and Commerce
482,1072,Post Gradute in Diploma management,2,Business and Commerce
584,1073,Bachelor in computer Application(BCA),9,Computer Application
300,1074,Master in computer application (MCA),9,Computer Application
842,1075,B.Tech in Computer Science and Engineering,1,Engineering and Technology
167,1076,B.Tech in Civil Engineering,1,Engineering and Technology
166,1077,B.Tech in Mechanical Engineering,1,Engineering and Technology
642,1078,B.Tech in Electronic & Communication Engineering,1,Engineering and Technology
639,1079,B. Tech in electrical engineering,1,Engineering and Technology
641,1080,M.Tech in Electronis and communication,1,Engineering and Technology
640,1081,M.Tech in Mechanical Engineering,1,Engineering and Technology
643,1082,M.Tech in Computer Science and Engineering,1,Engineering and Technology
638,1083,Bachelor of Commerce(B.COM) ,2,Business and Commerce
967,1084,Bachelor of Business Administration (BBA) ,2,Business and Commerce
948,1085,Master of Business Administration (MBA),2,Business and Commerce
1338,1086,Bachelor in computer Application (BCA),9,Computer Application
1418,1087,B.Tech in Computer Science and Engineering,1,Engineering and Technology
626,1088,B.Tech in Civil Engineering,1,Engineering and Technology
452,1089,B.Tech in Mechanical Engineering,1,Engineering and Technology
513,1090,B.Tech in Electronic & Communication Engineering,1,Engineering and Technology
935,1091,B.Tech in electrical engineering,1,Engineering and Technology
868,1092,B.Tech (LEET),1,Engineering and Technology
891,1093,M.Tech in Computer Science and Engineering,1,Engineering and Technology
1244,1094,M.Tech in Civil Engineering,1,Engineering and Technology
277,1095,M.Tech in Mechanical Engineering,1,Engineering and Technology
1243,1096,M.Tech in Electronic & Communication Engineering,1,Engineering and Technology
616,1097,M.Tech in electrical engineering,1,Engineering and Technology
622,1098,Bachelor of Business Administration (BBA) ,2,Business and Commerce
378,1099,Master of Business Administration (MBA),2,Business and Commerce
381,1100,B. Pharm,5,Pharmacy
31,1101,Bachelor in Physiotherapy,6,Medical
908,1102,B.Sc Nursing,6,Medical
937,1103,Auxiliary Nursing & Midwifery (ANM),6,Medical
1100,1104,General Nursing & Midwifery (GNM),6,Medical
361,1105,Diploma in medical lab and technology,6,Medical
370,1106,Diploma in Civil Engineering,1,Engineering and Technology
1141,1107,B.Tech in Computer Science & Engineering (CSE),1,Engineering and Technology
1088,1108,B.Tech in Electronics & Communication Engineering (ECE),1,Engineering and Technology
1099,1109,B.Tech in Electrical Engineering (EE),1,Engineering and Technology
30,1110,B.Tech in Civil Engineering (CE),1,Engineering and Technology
274,1111,M.Tech in Masters of Technology,1,Engineering and Technology
911,1112,Master of Business Administration (MBA),2,Business and Commerce
918,1113,Bachelor of Business Administration (BBA),2,Business and Commerce
936,1114,Bachelor in Physiotherapy,6,Medical
1153,1115,Bachelor in computer Application(BCA),9,Computer Application
1161,1116,B.sc Interior Designing,7,Design Fashion and Animation
1222,1117,B.Sc in Fashion Designing,7,Design Fashion and Animation
1246,1118,Post Graduate Diploma in Management (PGDM),2,Business and Commerce
1436,1119,B.Tech Civil Engineering,1,Engineering and Technology
373,1120,B.Tech Electronics & Communication,1,Engineering and Technology
619,1121,B.Tech Mechanical Engineering,1,Engineering and Technology
360,1122,B.Tech. in Computer Science & Engineering,1,Engineering and Technology
1245,1123,Bachelor of Business Administration (BBA),2,Business and Commerce
1437,1124,Bachelor in computer Application(BCA),9,Computer Application
33,1125,Master of Business Administration (MBA),2,Business and Commerce
275,1126,Diploma in computer science Engineering,1,Engineering and Technology
1103,1127,Diploma in Civil Engineering,1,Engineering and Technology
1225,1128,Diplomai in Mechnaical Engineering,1,Engineering and Technology
1102,1129,"Diploma in Automobile Engineering 
",1,Engineering and Technology
1155,1130,"B.Tech in Electrical Engineering

",1,Engineering and Technology
1224,1131,"B.Tech Electronics & Communication 
",1,Engineering and Technology
278,1132,B Tech in Civil Engineering,1,Engineering and Technology
32,1133,"B.Tech in Mechanical Engineering

",1,Engineering and Technology
910,1134,"B.Tech. in Computer Science & Engineering 
",1,Engineering and Technology
917,1135,M.Tech in Computer science,1,Engineering and Technology
367,1136,M.Tech in Mechanical Engineering,1,Engineering and Technology
1086,1137,Bachelor of Business Administration (BBA),2,Business and Commerce
379,1138,Bachelor in computer Application(BCA),9,Computer Application
618,1139,"B.Tech. in Computer Science & Engineering 
",1,Engineering and Technology
376,1140,"B.Tech in Mechanical Engineering
",1,Engineering and Technology
279,1141,B Tech in Civil Engineering,1,Engineering and Technology
623,1142,"B.Tech Electronics & Communication

",1,Engineering and Technology
375,1143,"B.Tech in Electrical Engineering

",1,Engineering and Technology
374,1144,B.Tech in Information Technology,1,Engineering and Technology
624,1145,B.tech in Electrical and Electronics Engineering,1,Engineering and Technology
625,1146,M.Tech in Information Technology,1,Engineering and Technology
369,1147,M.Tech in Computer science Engineering,1,Engineering and Technology
1152,1148,M.Tech in Mechanical Engineering,1,Engineering and Technology
377,1149,M.Tech in Electronics & Communication,1,Engineering and Technology
371,1150,Master of Business Administration (MBA),2,Business and Commerce
380,1151,"B.Tech. in Computer Science & Engineering 
",1,Engineering and Technology
364,1152,"B.Tech in Mechanical Engineering
",1,Engineering and Technology
280,1153,"B.Tech Electronics & Communication

",1,Engineering and Technology
1117,1154,B Tech in Civil Engineering,1,Engineering and Technology
909,1155,M.Tech in Computer science Engineering,1,Engineering and Technology
916,1156,M.Tech in Mechanical Engineering,1,Engineering and Technology
938,1157,Bachelor of Business Administration (BBA),2,Business and Commerce
1087,1158,Bachelor in computer Application(BCA),9,Computer Application
1101,1159,BBA+UGPM,2,Business and Commerce
1142,1160,MBA+ PGPM,2,Business and Commerce
1154,1161,PGDM+PGPM,2,Business and Commerce
1162,1162,B.Tech in Information Technology,1,Engineering and Technology
1173,1163,B.Tech in Electronics & Communication,1,Engineering and Technology
1223,1164,B Tech in Civil Engineering,1,Engineering and Technology
617,1165,"B.Tech Mechanical Engineering 
",1,Engineering and Technology
362,1166,B.Tech in Computer Science & Engineering,1,Engineering and Technology
363,1167,M.Tech in Mechanical Engineering,1,Engineering and Technology
365,1168,Master of Business Administration (MBA),2,Business and Commerce
34,1169,Master in computer application (MCA),9,Computer Application
620,1170,Bachelor of Journalism and Mass Communication,8,Mass Communication
1439,1171,Master of Business Administration (MBA),2,Business and Commerce
359,1172,Master in computer application (MCA),9,Computer Application
276,1173,Master of Computer Application (LEET),9,Computer Application
358,1174,Post Graduate Diploma in Management (PGDM),2,Business and Commerce
621,1175,Bachelor of Arts + Bachelor of Law (B.A. LL.B) - Integrated,3,Law
1438,1176,Bachelor of Law (LL.B),3,Law
368,1177,Diploma in Pharmacy (D.Pharma),5,Pharmacy
372,1178,Bachelor of Pharmacy (B.Pharma),5,Pharmacy
1440,1179,B.Tech Electrical and Electronics Engineering,1,Engineering and Technology
366,1180,"B.Tech Electronics & Communication 
",1,Engineering and Technology
454,1181,B Tech in Civil Engineering,1,Engineering and Technology
515,1182,B.Tech Mechanical Engineering,1,Engineering and Technology
455,1183,B.Tech. in Computer Science & Engineering,1,Engineering and Technology
516,1184,Master of Business Administration (MBA),2,Business and Commerce
453,1185,Bachelor of Commerce + Bachelor of Law (B.Com. LL.B) - Integrated,3,Law
514,1186,Bachelor of Business Administration + Bachelor of Law (B.B.A. LL.B) - Integrated,3,Law
1295,1187,Bachelor of Arts + Bachelor of Law (B.A. LL.B) - Integrated,3,Law
1291,1188,Bachelor of Law (LL.B),3,Law
1294,1189,B.Tech in Electrical Engineering,1,Engineering and Technology
1293,1190,B.Tech in Chemical Engineering,1,Engineering and Technology
1292,1191,B.Tech in Mechanical Engineering,1,Engineering and Technology
664,1192,B.Tech in Bio-technology Engineering,1,Engineering and Technology
1269,1193,Master in computer application (MCA),9,Computer Application
679,1194,Master of Computer Application (LEET),9,Computer Application
684,1195,Master of Business Administration (MBA),2,Business and Commerce
680,1196,Post Graduate Diploma in Management (PGDM),2,Business and Commerce
1271,1197,Diploma in Civil Engineering,1,Engineering and Technology
686,1198,Diploma in Mechnaical Engineering,1,Engineering and Technology
1272,1199,Diploma in Computer Science Engineering,1,Engineering and Technology
1358,1200,Diploma in Electrical Engineering,1,Engineering and Technology
1270,1201,Diploma in Electronics & Communication Engineering,1,Engineering and Technology
1268,1202,Diploma in Architect Asstt.,1,Engineering and Technology
681,1203,B.Tech in Mechanical Engineering,1,Engineering and Technology
683,1204,B.Tech in Computer Science & Engineering,1,Engineering and Technology
685,1205,B.Tech in Civil Engineering,1,Engineering and Technology
682,1206,B.Tech in Electrical Engineering,1,Engineering and Technology
67,1207,B.Tech in Electronics & Communication Engineering (ECE),1,Engineering and Technology
568,1208,Diploma in Civil Engineering,1,Engineering and Technology
893,1209,Diploma in Mechnaical Engineering,1,Engineering and Technology
907,1210,B.Tech in Civil Engineering,1,Engineering and Technology
920,1211,B.Tech in Electrical Engineering,1,Engineering and Technology
927,1212,B.Tech in Electronics & Communication Engineering,1,Engineering and Technology
941,1213,B.Tech in Automobile Engineering,1,Engineering and Technology
950,1214,B.Tech in Mechanical Engineering,1,Engineering and Technology
971,1215,B.Tech. in Computer Science & Engineering,1,Engineering and Technology
989,1216,M.Tech in Computer science Engineering,1,Engineering and Technology
999,1217,M.Tech in Mechanical Engineering,1,Engineering and Technology
1009,1218,M.Tech in Electronics & Communication Engineering,1,Engineering and Technology
797,1219,M.Tech in Electrical Engineering,1,Engineering and Technology
645,1220,Bachelor of Business Administration (BBA),2,Business and Commerce
646,1221,Master of Business Administration (MBA),2,Business and Commerce
1341,1222,Bachelors in Hotel Management (BHM),10,Hospitality and Tourism Management
531,1223,B.Tech in Computer Science and Engineering,1,Engineering and Technology
1080,1224,B.Tech in Civil Engineering,1,Engineering and Technology
1175,1225,B.Tech in Mechanical Engineering,1,Engineering and Technology
1178,1226,B.Tech in Electronic & Tele Communications Engineering,1,Engineering and Technology
1199,1227,B.Tech in Electrical Engineering,1,Engineering and Technology
1319,1228,B.Tech in Lateral Entry (All Branches),1,Engineering and Technology
1340,1229,Bachelor of Business Administration (BBA),2,Business and Commerce
1422,1230,Bachelor in computer Application(BCA),9,Computer Application
1454,1231,B.Tech in Computer Science and Engineering,1,Engineering and Technology
1288,1232,B.Tech in Electronics & Communication Engineering,1,Engineering and Technology
1289,1233,B.Tech in Automobile Engineering,1,Engineering and Technology
1290,1234,B.Tech in Bio-technology Engineering,1,Engineering and Technology
1019,1235,B.Tech in Civil Engineering,1,Engineering and Technology
1039,1236,B.Tech in Mechanical Engineering,1,Engineering and Technology
687,1237,M.Tech in Bio-technology Engineering,1,Engineering and Technology
393,1238,M.Tech in (CAD/CAM),1,Engineering and Technology
883,1239,M.Tech in Electrical and Electronics Engineering,1,Engineering and Technology
809,1240,M.Tech in Computer science Engineering,1,Engineering and Technology
811,1241,Master of Business Administration (MBA),2,Business and Commerce
810,1242,Post Graduate Diploma in Management (PGDM),2,Business and Commerce
465,1243,Bachelors of Business Administration,2,Business and Commerce
1016,1244,Bachelors of Business Administration (Entrepreneurship),2,Business and Commerce
1076,1245,BCom (Hons),2,Business and Commerce
1091,1246,MBA in Fintech,2,Business and Commerce
1105,1247,MBA in Data Analytics,2,Business and Commerce
1118,1248,MBA in Digital Business,2,Business and Commerce
1131,1249,MBA in Innovation and Sustainability,2,Business and Commerce
1156,1250,MBA in Marketing and Innovation,2,Business and Commerce
1174,1251,MBA in Public Policy & Management,2,Business and Commerce
1177,1252,Master of Business Administration (MBA),2,Business and Commerce
1190,1253,MBA (Entrepreneurship),2,Business and Commerce
1201,1254,BA in Physchology,4,Education
1227,1255,BA in Economics,4,Education
1247,1256,BA in Public Policy,4,Education
1258,1257,BA in Applied Mathematics,4,Education
1302,1258,BA in Media and Communication,8,Mass Communication
1320,1259,BA in International Relations,4,Education
1343,1260,BA in English,4,Education
1362,1261,BA in Liberal Arts,4,Education
1420,1262,MA in Physchology,4,Education
1452,1263,MA in Economics,4,Education
537,1264,MA in Media and Communication,4,Education
1033,1265,MA in History and International Relations,4,Education
388,1266,MA in Liberal Arts,4,Education
543,1267,Executive MBA in FinTech,2,Business and Commerce
544,1268,Executive MBA in Data Analysis,2,Business and Commerce
437,1269,Executive MBA in Digital Business,2,Business and Commerce
438,1270,Executive MBA in Public Policy,2,Business and Commerce
940,1271,Executive MBA in Innovation and Sustainability,2,Business and Commerce
953,1272,Executive MBA in Marketing and Innovation,2,Business and Commerce
973,1273,Executive MBA in Public Policy and Management,2,Business and Commerce
991,1274,Bachelor of Design in Fashion Designs,7,Design Fashion and Animation
1179,1275,Bachelor of Design in Interior Design,7,Design Fashion and Animation
1200,1276,Bachelor of Design in Product Design,7,Design Fashion and Animation
895,1277,Bachelor of Design in Interaction Design,7,Design Fashion and Animation
939,1278,BA (Hons) Design in 3D Animation and Gaming,7,Design Fashion and Animation
952,1279,BA (Hons) Design in Luxury Design Management,7,Design Fashion and Animation
972,1280,BA (Hons) Design in Graphic Design,7,Design Fashion and Animation
990,1281,BA (Hons) Design in Fine Arts,7,Design Fashion and Animation
1010,1282,Master in Design in Fashion Design,7,Design Fashion and Animation
762,1283,Master in Design in Interaction Design,7,Design Fashion and Animation
533,1284,Master in Design in Interior Design,7,Design Fashion and Animation
534,1285,MA Design in Fashion Business Management,7,Design Fashion and Animation
749,1286,MA Design in Luxury Design Management,7,Design Fashion and Animation
738,1287,MA Design in Graphic Design,7,Design Fashion and Animation
739,1288,MA Design in Fine Arts,7,Design Fashion and Animation
740,1289,MA Design in Design Future,7,Design Fashion and Animation
741,1290,"B Sc (Hons) Computer
Science in Artificial Intelligence",9,Computer Application
743,1291,"B Sc (Hons) Computer
Science in Innovation and Technology",9,Computer Application
744,1292,M Sc Computer Science in Artificial Intelligence,9,Computer Application
742,1293,M Sc Computer Science in Innovation and Technology,9,Computer Application
748,1294,Bachelor of Pharmacy (B.Pharma),5,Pharmacy
745,1295,Bachelor of Business Administration (BBA),2,Business and Commerce
746,1296,Master of Business Administration (MBA),2,Business and Commerce
747,1297,Post Graduate Diploma in Management (PGDM),2,Business and Commerce
422,1298,"Diploma in Electrical Engineering 
",1,Engineering and Technology
802,1299,"Diploma in Mechanical Engineering (Maintenance) 
",1,Engineering and Technology
959,1300,"Diploma in Computer Science and Engineering 
",1,Engineering and Technology
888,1301,"Diploma in Civil Engineering 
",1,Engineering and Technology
428,1302,"Diploma in Mechanical Engineering (Production) 
",1,Engineering and Technology
558,1303,B.Tech in Computer Science & Engineering,1,Engineering and Technology
402,1304,B.Tech in Computer Science & Engineering (Evening),1,Engineering and Technology
849,1305,B.Tech in Information Technology,1,Engineering and Technology
1443,1306,B.Tech in Electronics & Communication Engineering,1,Engineering and Technology
430,1307,B.Tech in Electrical & Electronics Engineering,1,Engineering and Technology
435,1308,B.Tech in Mechanical Engineering,1,Engineering and Technology
712,1309,B.Tech in Mechanical Engineering (Evening),1,Engineering and Technology
421,1310,B.Tech in Civil Engineering,1,Engineering and Technology
556,1311,B.Tech in Civil Engineering (Evening),1,Engineering and Technology
819,1312,Bachelor of Architecture (B.Arch),7,Design Fashion and Animation
821,1313,Master in computer application (MCA),9,Computer Application
820,1314,Master of Business Administration (MBA),2,Business and Commerce
555,1315,Post Graduate Diploma in Management (PGDM),2,Business and Commerce
426,1316,"Diploma every year in Hotel operations & Hotel Management and Higher Diploma in Hotel and Touruism Management in last year from RIG institute, Certified by HTMI Switzerland and Facilitating admission in 3 years degree programme",10,Hospitality and Tourism Management
822,1317,"Enrollment in Degree Programme and transfer to HTMI Switzerland, after 2 years to complete the final year degree in Hotel & Tourism Management",10,Hospitality and Tourism Management
397,1318,Enrollment in Degree Programme and transfer to Ulster University U.K after 1.5 Years for 2.5 years to complete 4 years degree programme in Hotel Management,10,Hospitality and Tourism Management
396,1319,"Certificate course of 1.5 years in food production from American Hotel and Lodging Educational Institute (AH&LEI), USA",10,Hospitality and Tourism Management
690,1320,"Certificate course of 1.5 years in F&B Service from American Hotel and Lodging Educational Institute (AH&LEI), USA",10,Hospitality and Tourism Management
807,1321,Bachelor of Business Administration (BBA),2,Business and Commerce
1074,1322,Bachelor in computer Application(BCA),9,Computer Application
757,1323,Post Graduate Diploma in Management (PGDM),2,Business and Commerce
265,1324,Graphic Designing,7,Design Fashion and Animation
383,1325,Graphic Designing + Web Designing,7,Design Fashion and Animation
763,1326,Animation Prime,7,Design Fashion and Animation
456,1327,VFX Prime,7,Design Fashion and Animation
266,1328,Diploma in Engineering (All Streams),1,Engineering and Technology
1075,1329,Diploma in Engineering (LEET),1,Engineering and Technology
153,1330,B.Tech (All Streams),1,Engineering and Technology
137,1331,B.Tech (LEET),1,Engineering and Technology
136,1332,M.Tech (All Streams),1,Engineering and Technology
873,1333,Bachelor in computer Application(BCA),9,Computer Application
660,1334,Master in computer application (MCA),9,Computer Application
656,1335,Master in computer application (LEET),9,Computer Application
662,1336,Bachelor of Business Administration (BBA),2,Business and Commerce
657,1337,Bachelor of Business Administration (BBA),2,Business and Commerce
663,1338,Bachelor of Commerce (B.Com),2,Business and Commerce
659,1339,Diploma in Hotel Managemet,10,Hospitality and Tourism Management
655,1340,Bachelor of Hotel Management,10,Hospitality and Tourism Management
658,1341,Bachelor of Architecture (B.Arch),7,Design Fashion and Animation
661,1342,Bachelor of Fashion Design,7,Design Fashion and Animation
1259,1343,Bachelor of Journalism and Mass Communication (BJMC),8,Mass Communication
691,1344,B.Sc IT,1,Engineering and Technology
1361,1345,B.Sc in Forestry,6,Medical
290,1346,B.Sc in Agriculture,6,Medical
538,1347,B.Sc in PHYSICS/CHEMISTRY/MATHS (PCM),6,Medical
1409,1348,B.Sc in CHEMISTRY/BOTANY/ZOOLOGY (CBZ),6,Medical
1253,1349,B.Sc in Food Technology,6,Medical
1254,1350,M.sc in Agronomy,6,Medical
1407,1351,BA in Mass Communication,8,Mass Communication
1252,1352,MA in Mass Communication,8,Mass Communication
1030,1353,PGDM Global,2,Business and Commerce
1255,1354,BBA+MBA (Integrated MBA),2,Business and Commerce
1408,1355,MBA + BASE,2,Business and Commerce
1256,1356,Master of Business Administration (MBA),2,Business and Commerce
1257,1357,MBA-IB,2,Business and Commerce
1410,1358,Bachelor of Business Administration (BBA),2,Business and Commerce
758,1359,Bachelor in computer Application(BCA),9,Computer Application
779,1360,Bachelor of Commerce (B.Com),2,Business and Commerce
942,1361,B.Sc in Agriculture,6,Medical
759,1362,B.Sc in Horticulture,6,Medical
1166,1363,B.Sc in Forestry,6,Medical
854,1364,PGDM SAP,2,Business and Commerce
1363,1365,B.Sc in Agriculture,6,Medical
107,1366,B.Sc in Forestry,6,Medical
870,1367,B.Sc in Bio-Tech (CBZ),6,Medical
108,1368,M.Sc in Bio-Tech,6,Medical
532,1369,M.Sc in Microbiology,6,Medical
871,1370,M.Sc in Physics,6,Medical
826,1371,M.Sc in Chemistry,6,Medical
827,1372,M.Sc in Mathematics,6,Medical
828,1373,M.sc in Environmental Science,6,Medical
697,1374,M.sc in Agricuture (Agronomy),6,Medical
220,1375,M.Sc in Zoology,6,Medical
222,1376,M.Sc in Botany,6,Medical
221,1377,Bachelor of Hotel Management (BHM),10,Hospitality and Tourism Management
223,1378,Certification Course in Hotel Management,10,Hospitality and Tourism Management
696,1379,Certification Course in Hotel Management (HM),10,Hospitality and Tourism Management
134,1380,Bachelor of Business Administration (BBA),2,Business and Commerce
145,1381,Bachelor in computer Application(BCA),9,Computer Application
135,1382,Bachelor of Commerce (B.Com),2,Business and Commerce
566,1383,B.Sc in (IT),1,Engineering and Technology
302,1384,Diploma in Mechanical Engineering(Production),1,Engineering and Technology
805,1385,Diploma in Mechanical Engineering(Automobile),1,Engineering and Technology
1023,1386,Diploma in Civil Engineering,1,Engineering and Technology
1024,1387,Aircraft Maintenance Engineering,1,Engineering and Technology
692,1388,Diploma in Pharmacy (D.Pharma),5,Pharmacy
693,1389,Diploma in Fashion Design,7,Design Fashion and Animation
529,1390,Diploma in Apparel Merchandising,7,Design Fashion and Animation
116,1391,Diploma in Retail Management,2,Business and Commerce
384,1392,Diploma in Textile Design,7,Design Fashion and Animation
1359,1393,Diploma in Cutting & Tailoring,7,Design Fashion and Animation
1370,1394,Diploma in Pattern Making,7,Design Fashion and Animation
1167,1395,B.Sc in Fashion Design,7,Design Fashion and Animation
850,1396,B.Sc in Intering Design,7,Design Fashion and Animation
838,1397,B.Sc in Cosmetology,7,Design Fashion and Animation
703,1398,M.Sc in Fashion Design,7,Design Fashion and Animation
846,1399,M.Sc in Interion Design,7,Design Fashion and Animation
859,1400,M.Sc in Cosmetology,7,Design Fashion and Animation
855,1401,MBA in Fashion Design,7,Design Fashion and Animation
847,1402,MBA in Interior Design,7,Design Fashion and Animation
845,1403,MBA in Cosmetoloy,7,Design Fashion and Animation
477,1404,MBA in Retail Management,2,Business and Commerce
462,1405,Diploma in Mechanical Engineering,1,Engineering and Technology
458,1406,Diploma in Electrical & Electronics Engineering,1,Engineering and Technology
461,1407,B.Tech in Computer Science Engineeirng,1,Engineering and Technology
472,1408,B.Tech in Mechanical Engineeirng,1,Engineering and Technology
459,1409,B.Tech in Electrical & Electronics Engineering,1,Engineering and Technology
469,1410,B.Tech in Electronics and Communication Engineering,1,Engineering and Technology
457,1411,B.tech in Civil Engineering,1,Engineering and Technology
475,1412,M.Tech (All Streams),1,Engineering and Technology
466,1413,Bachelor of Business Administration (BBA),2,Business and Commerce
460,1414,Master of Business Administration (MBA),2,Business and Commerce
780,1415,Bachelor in computer Application(BCA),9,Computer Application
295,1416,Master in computer application (MCA),9,Computer Application
296,1417,B.Sc in Agriculture,6,Medical
76,1418,B.Sc in Forestry,6,Medical
146,1419,B.Tech in Lateral Entry (All Branches),1,Engineering and Technology
128,1420,B.Tech in Computer Science Engineering(CSE),1,Engineering and Technology
127,1421,B.Tech in Mechanical Engineering(ME),1,Engineering and Technology
51,1422,B.Tech in Electrical and Electronics Engineering(EEE),1,Engineering and Technology
52,1423,B.Tech in Civil Engineering(CE),1,Engineering and Technology
54,1424,B.Tech in Electronics and Communication Engineering(EC),1,Engineering and Technology
55,1425,B.Tech in Lateral Entry (All Branches),1,Engineering and Technology
53,1426,Diploma in Mechanical Engineering,1,Engineering and Technology
299,1427,Diploma in Electronics Engineering,1,Engineering and Technology
955,1428,"Diploma in Electrical Engineering 
",1,Engineering and Technology
1124,1429,Diploma in Civil Engineering,1,Engineering and Technology
1180,1430,M.Tech in Computer science Engineering,1,Engineering and Technology
1202,1431,M.Tech in Electrical and Electronics Engineering,1,Engineering and Technology
1248,1432,M.Tech in Thermal Engineering,1,Engineering and Technology
1303,1433,M.Tech in Software Engineering,1,Engineering and Technology
1321,1434,M.Tech in VLSI Engineering,1,Engineering and Technology
1329,1435,Bachelor of Architecture (B.Arch),7,Design Fashion and Animation
767,1436,Bachelor of Pharmacy (B.Pharma),5,Pharmacy
260,1437,Master of Pharmacy (M.Pharma),5,Pharmacy
239,1438,Bachelor of Hotel Management and Catering Technology,10,Hospitality and Tourism Management
1078,1439,Diploma in Food Production,10,Hospitality and Tourism Management
590,1440,Diploma in Bakery & Confectionery,10,Hospitality and Tourism Management
74,1441,Diploma in Food & Beverage Service,10,Hospitality and Tourism Management
79,1442,Diploma in Front Office Operation,10,Hospitality and Tourism Management
83,1443,Bachelor of Arts + Bachelor of Law (B.A. LL.B) - Integrated,3,Law
97,1444,Bachelor of Law (LL.B),3,Law
1333,1445,Bachelor of Business Administration (BBA),2,Business and Commerce
589,1446,Master of Business Administration (MBA),2,Business and Commerce
148,1447,Bachelor in computer Application(BCA),9,Computer Application
133,1448,Master in computer application (MCA),9,Computer Application
132,1449,Diploma in IIHM,10,Hospitality and Tourism Management
,1450,Bachelor of Commerce (B.Com),2,Business and Commerce
